synthetic_time,synthetic_url,original_scope,original_content,original_country_rank,original_world_rank,original_lang,original_path_bin
2024-11-01 09:00:11.998555,https://www.gamesradar.com/battlefield-3-end-game-releases-start-tomorrow/,Global,Business,-1,10000,eng,50
2024-11-01 09:46:09.730921,https://www.digitaltrends.com/gaming/destiny-2-getting-major-sword-overhaul-in-season-10/,Global,Society,-1,10000,eng,-1
2024-11-01 09:46:40.428117,https://www.birdz.sk/forum/mala-by-sa-europa-aktivne-zapojit-do-vojny-na-ukrajine/196669-tema.html,Global,Society,500,1000,eng,-1
2024-11-01 09:49:20.288599,https://daybyme.com/barbora-64/zelene_pleso-72pm7duhiw?page=profile,Global,Society,-1,10000,eng,50
2024-11-01 09:49:41.330307,https://www.birdz.sk/forum/ake-palivo-tankujes-do-svojho-auta/191363-tema.html,Global,Society,500,1000,eng,-1
2024-11-01 09:51:32.868606,https://daybyme.com/liv-72/giza_egypt2020_dopresovacezbanglades_stillalive_unbelievable-2rt5f724lh?page=profile,Global,Society,-1,10000,eng,-1
2024-11-01 09:51:55.314050,https://www.digitaltrends.com/home-theater/5-things-google-pixel-buds-2-need-to-outdo-apple-airpods/,Global,Society,-1,10000,eng,-1
2024-11-01 09:51:58.907568,https://www.techradar.com/phones/iphone/iphone-se-4-could-get-a-small-price-bump-in-return-for-big-feature-boosts,Global,Society,-1,10000,eng,-1
2024-11-01 11:17:38.770375,https://www.digitaltrends.com/mobile/google-pixel-8-ai-photo-editing-tools-worry-me-why/,Global,Society,-1,10000,eng,-1
2024-11-01 11:29:46.189416,https://www.digitaltrends.com/computing/apple-arm-silicon-benchmarks-leak-good/,Global,Society,-1,10000,eng,-1
2024-11-01 11:29:59.317681,https://www.digitaltrends.com/cool-tech/lifeguard-drone-rescues-struggling-swimmer/,Global,Society,-1,10000,eng,-1
2024-11-01 11:30:03.166540,https://www.digitaltrends.com/movies/the-big-bang-theory-best-episodes-ever-ranked/,Global,Society,-1,10000,eng,-1
2024-11-01 12:22:39.625476,https://aukro.sk/realme-7-90hz-novy-stav-64-4gb-zaruka-12-mesiacov-7038843511,Global,Shopping,100,100000,ces,-1
2024-11-01 12:27:01.778980,https://daybyme.com/liv-72/giza_egypt2020_dopresovacezbanglades_stillalive_unbelievable-2rt5f724lh?page=profile,Global,Society,-1,10000,eng,-1
2024-11-01 12:45:28.787183,https://www.digitaltrends.com/computing/apple-arm-silicon-benchmarks-leak-good/,Global,Society,-1,10000,eng,-1
2024-11-01 13:01:21.675687,https://www.techradar.com/reviews/cameras-and-camcorders/camcorders/panasonic-hdc-dx1-76028/review,Global,Society,-1,10000,eng,-1
2024-11-01 13:08:57.532580,https://www.digitaltrends.com/cool-tech/lifeguard-drone-rescues-struggling-swimmer/,Global,Society,-1,10000,eng,-1
2024-11-01 13:09:08.479747,https://www.digitaltrends.com/mobile/common-ios-14-problems-and-how-to-fix-them/,Global,Society,-1,10000,eng,-1
2024-11-01 13:27:19.008360,https://www.techradar.com/news/10-years-of-iphone-watch-steve-jobs-introduce-apples-first-ever-smartphone,Global,Society,-1,1000,eng,25
2024-11-04 08:50:15.273877,https://www.kupsito.sk/i/11924399078/mini-skleniky-a-foliovniky/box-na-zeleninu-120x80-kontrola,Global,Shopping,100,100000,ces,-1
2024-11-04 08:50:29.523157,https://www.sashe.sk/ridask?ranking,Global,Shopping,100,100000,ces,25
2024-11-04 08:50:37.565740,https://www.nay.sk/varice-clatronic/farba_cierna-25?page=2,Global,Shopping,100,100000,ces,50
2024-11-04 08:50:44.076904,https://aukro.sk/starozitny-porcelan,Global,Shopping,100,100000,ces,25
2024-11-04 08:50:46.638601,https://www.csfd.sk/uzivatel/34411-h34d/recenzie/,Global,Shopping,100,100000,ces,50
2024-11-04 08:50:48.355004,https://aukro.sk/damsky-modny-tyrkysovy-batoh-6992354807,Global,Shopping,100,100000,ces,50
2024-11-04 08:51:03.376324,https://www.nay.sk/rucne-mixery/farba_zelena-18/hnietenie_ano-596/pocet-rychlosti_7/znacka_orava,Global,Shopping,100,100000,ces,-1
2024-11-04 08:51:34.396350,https://www.sashe.sk/chcem/napisat-spravu?komu=a.dizajn&relative=/a.dizajn/detail/moderna-miska-predlzene-rameno,Global,Shopping,100,100000,ces,-1
2024-11-04 08:52:04.990520,https://www.nay.sk/elektricke-rychlovarne-cajniky-uchovanie-teploty/uchovanie-teploty_nie-664?page=2,Global,Shopping,100,100000,ces,-1
2024-11-04 08:52:10.413303,https://www.kupsito.sk/i/7424759046/darcekove-hrnceky-a-pohare/hrncek-bratia-koala-benio-franio-meno-a-karton,Global,Shopping,100,100000,ces,-1
2024-11-04 08:52:16.056513,https://www.nay.sk/tycove-mixery-s-prislusenstvom/znacka_tefal,Global,Shopping,100,100000,ces,50
2024-11-04 08:52:19.628590,https://aukro.sk/nemecko-reich-dansko-holandsko-hodnotna-zbierka-7067159388,Global,Shopping,100,100000,ces,-1
2024-11-04 08:54:58.979261,https://aukro.sk/uzivatel/stanislavs86/nabidky,Global,Shopping,100,100000,ces,50
2024-11-04 08:56:30.230590,https://www.nay.sk/internetove-radia-camry/farba_biela-20/znacka_camry,Global,Shopping,100,100000,ces,-1
2024-11-04 08:56:41.420127,https://www.kupsito.sk/i/11924399078/mini-skleniky-a-foliovniky/box-na-zeleninu-120x80-kontrola,Global,Shopping,100,100000,ces,-1
2024-11-04 08:57:18.483944,https://aukro.sk/vymennik-kurenia-fiat-lancia-7008361330,Global,Shopping,100,100000,ces,50
2024-11-04 08:57:21.133372,https://www.kupsito.sk/c/121454/pohony/prevodovky-a-prislusenstvo/1,Global,Shopping,100,100000,ces,50
2024-11-04 08:57:24.274836,https://aukro.sk/davkovac-tekuteho-mydla-7038907388,Global,Shopping,100,100000,ces,50
2024-11-04 08:57:28.018482,https://www.sashe.sk/balime.darceky/moje/darcekove-papierove-vrecka,Global,Shopping,100,100000,ces,50
2024-11-04 09:15:29.636261,https://www.pcmag.com/brands/samsung?page=6,Global,Generic,-1,100000,eng,25
2024-11-04 09:15:51.026971,https://www.pcmag.com/authors/kyle-monson,Global,Generic,-1,100000,eng,25
2024-11-04 09:17:10.957741,https://www.pcmag.com/news/linkedin-sues-hackers-over-thousands-of-fake-accounts,Global,Generic,-1,100000,eng,-1
2024-11-04 09:17:33.541653,https://www.pcmag.com/news/twitter-will-let-you-hide-replies-next-week-in-canada,Global,Generic,-1,100000,eng,-1
2024-11-04 09:17:43.116974,https://www.pcmag.com/news/linkedin-sues-hackers-over-thousands-of-fake-accounts,Global,Generic,-1,100000,eng,-1
2024-11-04 09:17:43.684800,https://www.pcmag.com/brands/samsung?page=6,Global,Generic,-1,100000,eng,25
2024-11-04 09:17:57.959037,https://www.pcmag.com/encyclopedia/term/p4,Global,Generic,-1,100000,eng,25
2024-11-04 09:23:57.715606,https://www.techradar.com/phones/motorola-phones/page/8,Global,Society,-1,1000000,eng,50
2024-11-04 09:24:08.657619,https://www.digitaltrends.com/home/amazon-coding-dojo-alexa/,Global,Society,-1,1000000,eng,50
2024-11-04 12:15:45.488579,https://pravda.sk,Global,Society,10,10000,ces,1
2024-11-04 12:15:47.351798,https://www.heureka.sk/znacky/ardes/,Global,Society,10,10000,ces,25
2024-11-04 12:15:47.385554,https://www.pravda.sk/trendove-temy/vojna-v-policii/,Global,Society,10,10000,ces,50
2024-11-04 12:16:00.495668,https://www.heureka.sk/?h%5bfraze%5d=prodad+heroglyph+v4,Global,Society,10,10000,ces,50
2024-11-04 17:09:54.342769,https://www.digitaltrends.com/movies/10-best-martin-scorsese-movies-ranked/,Global,Society,-1,1000,eng,50
2024-11-04 17:11:07.943482,https://www.digitaltrends.com/home-theater/5-things-google-pixel-buds-2-need-to-outdo-apple-airpods/,Global,Society,-1,10000,eng,-1
2024-11-04 17:11:53.709905,https://www.techradar.com/gaming/consoles-pc/playstation/page/3,Global,Society,-1,1000,eng,50
2024-11-04 17:31:33.271411,https://www.techradar.com/news/nvidia-is-struggling-to-get-people-onto-geforce-rtx-gpus,Global,Society,-1,1000,eng,-1
2024-11-04 17:32:30.386413,https://www.digitaltrends.com/computing/acer-unveils-aspire-p3-ultrabook/,Global,Society,-1,1000,eng,50
2024-11-04 17:33:08.610386,https://daybyme.com/vany-puzderova,Global,Society,-1,100000,eng,25
2024-11-04 18:07:36.977872,https://www.heureka.sk/znacky/blist/,Global,Society,10,10,eng,25
2024-11-04 18:25:11.724673,https://nbs.sk/legislativa/materialy-na-pripomienkove-konanie-za-nbs/ukoncene-mpk-rok-2024/,Global,Society,500,1000,eng,-1
2024-11-04 18:25:56.209161,https://daybyme.com/auto-seeks,Global,Society,-1,10000,eng,25
2024-11-04 18:38:22.306741,https://www.digitaltrends.com/movies/10-best-martin-scorsese-movies-ranked/,Global,Society,-1,10000,eng,50
2024-11-04 18:40:28.335675,https://www.packeta.sk/pobocky/z-box-gyoengyoes-erzsebet-kiralyne-utca-1-bubbles,Global,Society,500,1000,eng,-1
2024-11-04 18:40:57.213396,https://www.techradar.com/reviews/phones/mobile-phones/samsung-galaxy-europa-i5500-901047/review/2,Global,Society,-1,1000000,eng,-1
2024-11-04 19:08:43.199174,https://www.pravda.sk/trendove-temy/miliony/,Global,Society,10,10,eng,25
2024-11-05 08:54:15.174665,https://heureka.sk,Global,Society,10,10000,ces,1
2024-11-05 08:54:19.136735,https://www.heureka.sk/?h%5bfraze%5d=logitech+g502+proteus+spectrum,Global,Society,10,10000,ces,50
2024-11-05 13:42:38.590322,https://daybyme.com/tereza-53/dnescestujem-nacp019rqp,Global,Society,-1,1000000,eng,50
2024-11-05 13:52:55.245145,https://www.birdz.sk/mydreams/status/videli-ste-uz-vlka-ktory-kvoli-nazoru-oveciek-zle-spi-/1108932-status.html,Global,Society,500,1000,eng,-1
2024-11-05 13:53:02.602891,https://www.digitaltrends.com/mobile/verizon-ellipsis-10-tablet-news/,Global,Society,-1,1000000,eng,50
2024-11-05 14:03:34.403486,https://www.digitaltrends.com/movies/the-big-bang-theory-best-episodes-ever-ranked/,Global,Society,-1,1000,eng,25
2024-11-05 17:48:37.309857,https://pravda.sk,Global,Society,10,10000,ces,1
2024-11-05 17:48:40.807553,https://www.heureka.sk/?h%5bfraze%5d=prodad+heroglyph+v4,Global,Society,10,10000,ces,50
2024-11-05 17:48:40.845634,https://www.pravda.sk/trendove-temy/kunsthalle/,Global,Society,10,10000,ces,50
2024-11-05 17:49:33.597260,https://www.pravda.sk/trendove-temy/transplantacia-pluc/,Global,Society,10,10000,ces,50
2024-11-06 11:51:44.181280,https://pravda.sk,Global,Society,10,10000,ces,1
2024-11-06 11:51:47.054473,https://www.pravda.sk/trendove-temy/chranena-vodohospodarska-oblast/,Global,Society,10,10000,ces,50
2024-11-06 11:51:47.094933,https://www.pravda.sk/trendove-temy/tyson-fury/,Global,Society,10,10000,ces,50
2024-11-06 12:17:37.557504,https://obecniznapolianka.sk/dokument/partnerska-dohoda-c-3/,Local,Society,-1,-1,ces,50
2024-11-06 12:30:59.173515,https://www.techbyte.sk/2022/06/disney-na-slovensku-startuje-uz-o-par-dni-na-aky-obsah-sa-mozete-tesit/,Global,Society,-1,1000000,ces,-1
2024-11-07 17:37:40.219158,https://www.techradar.com/reviews/mykronoz-zetime-review,Global,Society,-1,1000,eng,50
2024-11-07 17:43:53.250911,https://www.tescoma.sk/suprava-na-odstavovanie-ovocia-a-zeleniny-tescoma-della-casa,Global,Shopping,-1,1000000,ces,-1
2024-11-07 17:46:44.074058,https://www.heureka.sk/znacky/karcher/,Global,Society,10,10,eng,25
2024-11-07 18:31:50.900946,https://www.pravda.sk/trendove-temy/rande/strana-7/,Global,Society,10,10,eng,50
2024-11-07 18:31:52.977222,https://www.heureka.sk/?h%5bfraze%5d=dr+max+intenz%c3%advna+%c3%ba%c4%beava,Global,Society,10,10,eng,-1
2024-11-07 18:31:55.816788,https://www.pravda.sk/trendove-temy/vojna-v-policii/,Global,Society,10,10,eng,50
2024-11-07 18:32:18.559960,https://www.digitaltrends.com/gaming/nes-classic-playstation-sales-prove-retro-gaming-is-no-fad/,Global,Society,-1,10000,eng,-1
2024-11-07 18:57:24.149962,https://www.tipio.sk/eukalyptus/,Local,Business,-1,-1,ces,25
2024-11-07 18:58:02.986390,https://www.gsklub.sk/produkt/gs-extra-strong-multivitamin-50-100-tabliet/,Global,Shopping,-1,1000000,ces,-1
2024-11-07 20:32:19.140983,https://www.techradar.com/gaming/consoles-pc/playstation/page/3,Global,Society,-1,10000,eng,50
2024-11-07 20:32:21.675382,https://www.techradar.com/author/john-loeffler/page/4,Global,Society,-1,10000,eng,50
2024-11-07 20:35:01.953225,https://www.kayak.com/hot-springs.36574.guide,Global,Business,-1,10000,eng,25
2024-11-07 20:35:23.990594,https://kayak.com,Global,Business,-1,10000,eng,1
2024-11-07 20:35:32.508595,https://www.kayak.com/flight-routes/united-states-us0/asti-i7a,Global,Business,-1,10000,eng,50
2024-11-07 20:35:46.384087,https://www.gamesradar.com/battlefield-3-end-game-releases-start-tomorrow/,Global,Business,-1,10000,eng,50
2024-11-07 20:35:49.394908,https://www.gamesradar.com/bill-would-legally-enforce-esrb-ratings/,Global,Business,-1,10000,eng,50
2024-11-07 20:35:53.026562,https://www.gamesradar.com/battlefield-3-end-game-releases-start-tomorrow/,Global,Business,-1,10000,eng,50
2024-11-07 20:35:59.068266,https://www.gamesradar.com/blogbusters-the-inner-non-geek/,Global,Business,-1,10000,eng,50
2024-11-07 20:38:46.570145,https://www.gamesradar.com/guild-wars-2-take-look-asura-races-starting-area/,Global,Business,-1,10000,eng,-1
2024-11-07 20:39:09.275390,https://www.kayak.com/flight-routes/united-states-us0/asti-i7a,Global,Business,-1,10000,eng,50
2024-11-08 09:48:45.985944,https://www.techradar.com/reviews/phones/mobile-phones/samsung-galaxy-europa-i5500-901047/review/2,Global,Society,-1,1000,eng,-1
2024-11-08 09:49:10.652978,https://www.techradar.com/news/reliance-expands-retail-business-buys-out-future-group-what-it-means,Global,Society,-1,1000,eng,-1
2024-11-08 09:49:11.710640,https://www.digitaltrends.com/movies/the-big-bang-theory-best-episodes-ever-ranked/,Global,Society,-1,1000,eng,-1
2024-11-08 09:49:12.269641,https://www.techradar.com/reviews/mykronoz-zetime-review,Global,Society,-1,1000,eng,50
2024-11-08 09:52:58.432174,https://www.digitaltrends.com/home/philips-hue-debuts-its-new-app/,Global,Society,-1,1000,eng,25
2024-11-08 09:54:10.268619,https://www.digitaltrends.com/mobile/apple-watch-sales-november/,Global,Society,-1,10000,eng,50
2024-11-08 09:54:17.400031,https://www.digitaltrends.com/home/philips-hue-debuts-its-new-app/,Global,Society,-1,1000,eng,50
2024-11-08 09:54:22.639788,https://www.digitaltrends.com/dtdeals/roku-ultra-deal-cyber-monday-2020/,Global,Society,-1,1000,eng,50
2024-11-08 09:54:25.823600,https://www.techradar.com/gaming/consoles-pc/playstation/page/3,Global,Society,-1,1000,eng,50
2024-11-08 10:37:12.081769,https://pravda.sk,Global,News,10,10000,ces,1
2024-11-08 10:37:53.331977,https://www.pravda.sk/trendove-temy/rakety-stredneho-doletu/,Global,News,10,10000,ces,-1
2024-11-08 10:38:03.560328,https://www.pravda.sk/trendove-temy/povstanie/,Global,News,10,10000,ces,-1
2024-11-08 10:39:16.004521,https://www.pravda.sk/trendove-temy/chranena-vodohospodarska-oblast/,Global,News,10,10000,ces,-1
2024-11-08 10:39:20.888605,https://www.pravda.sk/trendove-temy/kunsthalle/,Global,News,10,10000,ces,-1
2024-11-08 10:39:23.377642,https://www.pravda.sk/trendove-temy/chranena-vodohospodarska-oblast/,Global,News,10,10000,ces,-1
2024-11-08 10:39:24.024626,https://www.pravda.sk/trendove-temy/povstanie/,Global,News,10,10000,ces,-1
2024-11-08 10:39:24.704162,https://www.pravda.sk/trendove-temy/kunsthalle/,Global,News,10,10000,ces,-1
2024-11-08 10:39:25.286666,https://www.pravda.sk/trendove-temy/pokrytectvo/,Global,News,10,10000,ces,-1
2024-11-08 10:39:26.323238,https://www.pravda.sk/trendove-temy/rakety-stredneho-doletu/,Global,News,10,10000,ces,-1
2024-11-08 10:39:26.992662,https://www.pravda.sk/trendove-temy/branislav-grohling/,Global,News,10,10000,ces,-1
2024-11-08 10:39:27.593274,https://www.pravda.sk/trendove-temy/miliony/,Global,News,10,10000,ces,-1
2024-11-08 10:39:28.188038,https://www.pravda.sk/trendove-temy/povstanie/,Global,News,10,10000,ces,-1
2024-11-08 10:39:28.745786,https://pravda.sk,Global,News,10,10000,ces,-1
2024-11-08 10:39:30.650276,https://www.pravda.sk/trendove-temy/pokrytectvo/,Global,News,10,10000,ces,-1
2024-11-08 10:39:31.444571,https://www.pravda.sk/trendove-temy/rande/strana-7/,Global,News,10,10000,ces,-1
2024-11-08 10:39:31.993986,https://www.pravda.sk/trendove-temy/neme-tajomstva/,Global,News,10,10000,ces,-1
2024-11-08 10:39:32.606144,https://www.pravda.sk/trendove-temy/studene-ruky/,Global,News,10,10000,ces,-1
2024-11-08 10:39:33.177100,https://www.pravda.sk/trendove-temy/vekovy-rozdiel/strana-2/,Global,News,10,10000,ces,-1
2024-11-08 10:39:33.938527,https://www.pravda.sk/trendove-temy/rezort-vnutra/,Global,News,10,10000,ces,-1
2024-11-08 10:39:34.827493,https://www.pravda.sk/trendove-temy/vekovy-rozdiel/strana-2/,Global,News,10,10000,ces,-1
2024-11-08 10:39:35.410017,https://www.pravda.sk/trendove-temy/pokrytectvo/,Global,News,10,10000,ces,-1
2024-11-08 10:39:36.899213,https://pravda.sk,Global,News,10,10000,ces,-1
2024-11-08 10:39:37.456309,https://www.pravda.sk/trendove-temy/tyson-fury/,Global,News,10,10000,ces,-1
2024-11-08 10:39:38.317488,https://www.pravda.sk/trendove-temy/mispula/,Global,News,10,10000,ces,-1
2024-11-08 10:39:38.977670,https://www.pravda.sk/trendove-temy/chranena-vodohospodarska-oblast/,Global,News,10,10000,ces,-1
2024-11-08 10:39:42.841735,https://www.pravda.sk/trendove-temy/branislav-grohling/,Global,News,10,10000,ces,-1
2024-11-08 10:39:48.760592,https://www.pravda.sk/trendove-temy/respekt/strana-3/,Global,News,10,10000,ces,-1
2024-11-08 10:39:54.450523,https://www.pravda.sk/trendove-temy/rakety-stredneho-doletu/,Global,News,10,10000,ces,-1
2024-11-08 10:39:59.505081,https://www.pravda.sk/trendove-temy/rezort-vnutra/,Global,News,10,10000,ces,-1
2024-11-08 10:40:01.307619,https://www.pravda.sk/trendove-temy/rakety-stredneho-doletu/,Global,News,10,10000,ces,-1
2024-11-08 10:40:02.139389,https://www.pravda.sk/trendove-temy/transplantacia-pluc/,Global,News,10,10000,ces,-1
2024-11-08 10:40:02.938374,https://www.pravda.sk/trendove-temy/studene-ruky/,Global,News,10,10000,ces,-1
2024-11-08 10:40:03.604140,https://www.pravda.sk/trendove-temy/povstanie/,Global,News,10,10000,ces,-1
2024-11-08 10:40:04.266613,https://www.pravda.sk/trendove-temy/vojna-v-policii/,Global,News,10,10000,ces,-1
2024-11-08 10:40:04.706090,https://www.pravda.sk/trendove-temy/chranena-vodohospodarska-oblast/,Global,News,10,10000,ces,-1
2024-11-08 10:40:04.978497,https://www.pravda.sk/trendove-temy/respekt/strana-3/,Global,News,10,10000,ces,-1
2024-11-08 10:40:06.051003,https://www.pravda.sk/trendove-temy/kunsthalle/,Global,News,10,10000,ces,-1
2024-11-08 10:40:06.338774,https://www.pravda.sk/trendove-temy/pokrytectvo/,Global,News,10,10000,ces,-1
2024-11-08 10:40:06.986035,https://www.pravda.sk/trendove-temy/samovrazedne-myslienky/,Global,News,10,10000,ces,-1
2024-11-08 10:40:07.759473,https://www.pravda.sk/trendove-temy/respekt/strana-3/,Global,News,10,10000,ces,-1
2024-11-08 10:40:08.471476,https://www.pravda.sk/trendove-temy/pokrytectvo/,Global,News,10,10000,ces,-1
2024-11-08 10:40:11.379179,https://www.pravda.sk/trendove-temy/branislav-grohling/,Global,News,10,10000,ces,-1
2024-11-08 10:40:12.249488,https://www.pravda.sk/trendove-temy/povstanie/,Global,News,10,10000,ces,-1
2024-11-08 10:40:15.328673,https://www.pravda.sk/trendove-temy/respekt/strana-3/,Global,News,10,10000,ces,-1
2024-11-08 10:40:16.194570,https://www.pravda.sk/trendove-temy/milenka/strana-3/,Global,News,10,10000,ces,-1
2024-11-08 10:40:16.795137,https://pravda.sk,Global,News,10,10000,ces,-1
2024-11-08 10:40:17.194472,https://www.pravda.sk/trendove-temy/miliony/,Global,News,10,10000,ces,-1
2024-11-08 10:40:18.405886,https://www.pravda.sk/trendove-temy/samovrazedne-myslienky/,Global,News,10,10000,ces,-1
2024-11-08 10:42:45.541602,https://www.pravda.sk/trendove-temy/rande/strana-7/,Global,News,10,10000,ces,-1
2024-11-08 12:09:26.231866,https://www.techbox.sk/xiaomi-mi-band-5-smart-naramok-s-kopcom-funkcii-za-bezkonkurencnu-cenu,Global,Society,500,1000,eng,-1
2024-11-08 12:11:12.098820,https://www.techradar.com/news/10-years-of-iphone-watch-steve-jobs-introduce-apples-first-ever-smartphone,Global,Society,-1,1000000,eng,-1
2024-11-08 12:12:02.007712,https://daybyme.com/barbora-64/zelene_pleso-72pm7duhiw?page=profile,Global,Society,-1,100000,eng,50
2024-11-08 12:12:33.707302,https://www.sportskeeda.com/fantasy-cricket-mantra/portugal-t10-league-2021-most-runs-wickets-points-table-25th-april,Global,News,500,100,eng,-1
2024-11-08 13:02:50.423188,https://www.digitaltrends.com/cool-tech/lifeguard-drone-rescues-struggling-swimmer/,Global,Society,-1,1000,spa,-1
2024-11-08 13:03:04.742160,https://www.sportskeeda.com/cricket/top-3-highest-scores-cooch-behar-trophy-ft-prakhar-chaturvedi,Global,News,500,100,eng,-1
2024-11-08 13:36:40.981541,https://www.digitaltrends.com/computing/acer-unveils-aspire-p3-ultrabook/,Global,Society,-1,1000,eng,50
2024-11-08 13:37:33.439149,https://www.digitaltrends.com/mobile/verizon-ellipsis-10-tablet-news/,Global,Society,-1,1000,eng,50
2024-11-08 13:37:42.022933,https://www.digitaltrends.com/mobile/apple-watch-sales-november/,Global,Society,-1,1000,eng,50
2024-11-08 13:37:43.988213,https://www.digitaltrends.com/home/philips-hue-debuts-its-new-app/,Global,Society,-1,1000,eng,50
2024-11-08 13:37:54.003619,https://www.techradar.com/reviews/mykronoz-zetime-review,Global,Society,-1,1000,eng,50
2024-11-08 13:37:56.988739,https://www.digitaltrends.com/home/homes-with-secret-passages/,Global,Society,-1,1000,eng,50
2024-11-08 13:38:18.574725,https://www.digitaltrends.com/mobile/verizon-ellipsis-10-tablet-news/,Global,Society,-1,1000,eng,50
2024-11-08 13:38:23.463612,https://www.digitaltrends.com/home/homes-with-secret-passages/,Global,Society,-1,1000,eng,50
2024-11-08 13:38:24.521775,https://www.digitaltrends.com/home/philips-hue-debuts-its-new-app/,Global,Society,-1,1000,eng,50
2024-11-08 15:58:16.449304,https://daybyme.com/barbora-64/zelene_pleso-72pm7duhiw?page=profile,Global,Society,-1,10000,eng,50
2024-11-08 15:59:23.347626,https://www.techbox.sk/virtualna-realita-od-oculusu-bude-chranit-pred-nevhodnym-obsahom-a-obtazovanim,Global,Society,500,1000,eng,-1
2024-11-08 15:59:41.704068,https://www.techradar.com/reviews/mykronoz-zetime-review,Global,Society,-1,100000,eng,50
2024-11-08 15:59:49.924673,https://www.techradar.com/news/10-years-of-iphone-watch-steve-jobs-introduce-apples-first-ever-smartphone,Global,Society,-1,100000,eng,-1
2024-11-08 16:00:06.131901,https://www.sportskeeda.com/fantasy-cricket-mantra/portugal-t10-league-2021-most-runs-wickets-points-table-25th-april,Global,News,500,100,eng,-1
2024-11-08 17:08:17.548188,https://pravda.sk,Global,Society,10,10000,ces,1
2024-11-08 17:08:19.231601,https://www.heureka.sk/?h%5bfraze%5d=artelac+mdo,Global,Society,10,10000,ces,50
2024-11-08 17:08:19.512484,https://www.pravda.sk/trendove-temy/chranena-vodohospodarska-oblast/,Global,Society,10,10000,ces,50
2024-11-08 17:08:27.946414,https://www.heureka.sk/?h%5bfraze%5d=centropen+6252,Global,Society,10,10000,ces,50
2024-11-08 17:57:00.127926,https://heureka.sk,Global,Society,10,10000,ces,1
2024-11-08 17:57:01.319478,https://www.heureka.sk/?h%5bfraze%5d=roccat+taito,Global,Society,10,10000,ces,50
2024-11-08 17:57:01.356999,https://www.pravda.sk/trendove-temy/rezort-vnutra/,Global,Society,10,10000,ces,50
2024-11-11 12:07:31.721652,https://pravda.sk,Global,Society,10,10000,ces,1
2024-11-11 12:07:34.397633,https://www.heureka.sk/?h%5bfraze%5d=prodad+heroglyph+v4,Global,Society,10,10000,ces,50
2024-11-11 12:07:34.436222,https://www.heureka.sk/?h%5bfraze%5d=palm+tungsten+t,Global,Society,10,10000,ces,50
2024-11-11 12:11:21.737003,https://www.heureka.sk/?h%5bfraze%5d=zidoo+z1000,Global,Society,10,10000,ces,50
2024-11-11 12:11:59.923630,https://www.pravda.sk/trendove-temy/pokrytectvo/,Global,Society,10,10000,ces,50
2024-11-11 14:41:53.009302,https://www.kupsito.sk/i/9268287004/darcekove-hrnceky-a-pohare/set-priatelia-priatelia-hrncek-vankus-meno,Global,Shopping,100,100000,ces,-1
2024-11-11 18:10:39.559564,https://heureka.sk,Global,Society,10,10000,ces,1
2024-11-11 18:10:43.627803,https://www.heureka.sk/znacky/argo/,Global,Society,10,10000,ces,25
2024-11-11 18:10:43.691999,https://www.pravda.sk/trendove-temy/povstanie/,Global,Society,10,10000,ces,50
2024-11-11 18:11:34.987559,https://www.pravda.sk/trendove-temy/pokrytectvo/,Global,Society,10,10000,ces,50
2024-11-11 18:13:14.623302,https://www.heureka.sk/?h%5bfraze%5d=roccat+taito,Global,Society,10,10000,ces,50
2024-11-11 18:14:56.294294,https://www.pravda.sk/trendove-temy/kunsthalle/,Global,Society,10,10000,ces,50
2024-11-11 18:30:22.164097,https://daybyme.com/auto-seeks,Global,Society,-1,10000,eng,25
2024-11-11 18:31:15.494064,https://www.digitaltrends.com/dtdeals/roku-ultra-deal-cyber-monday-2020/,Global,Society,-1,1000,eng,50
2024-11-12 09:08:13.484971,https://daybyme.com/roranka,Global,Society,-1,10000,eng,25
2024-11-12 09:09:09.635697,https://www.digitaltrends.com/mobile/qualcomm-snapdragon-8-gen-1-plus-7-gen-1-xr/,Global,Society,-1,10000,eng,-1
2024-11-12 09:11:55.298390,https://www.digitaltrends.com/home-theater/5-things-google-pixel-buds-2-need-to-outdo-apple-airpods/,Global,Society,-1,10000,eng,-1
2024-11-12 09:21:13.392817,https://www.packeta.sk/pobocky/pisek-na-rozhledne-2698-1,Global,Society,500,1000,eng,50
2024-11-12 09:26:01.260776,https://www.techbox.sk/philips-288p6ljeb-28-palcovy-ultra-hd-monitor-so-zaujimavou-cenou,Global,Society,500,1000,eng,-1
2024-11-12 09:29:17.474311,https://daybyme.com/denisa-franova,Global,Society,-1,100000,eng,25
2024-11-12 09:30:46.898051,https://daybyme.com/romi-belanyiova,Global,Society,-1,100000,eng,25
2024-11-12 15:39:07.715470,https://www.gamespot.com/profile/blasianxstud/,Global,Business,-1,1000,eng,25
2024-11-12 16:39:16.402763,https://www.digitaltrends.com/home/philips-hue-debuts-its-new-app/,Global,Society,-1,10000,eng,50
2024-11-12 16:55:27.101569,https://www.techradar.com/reviews/phones/mobile-phones/samsung-galaxy-europa-i5500-901047/review/2,Global,Society,-1,10000,eng,-1
2024-11-12 17:50:28.924613,https://www.techradar.com/reviews/mykronoz-zetime-review,Global,Society,-1,10000,eng,50
2024-11-12 17:50:36.955347,https://www.digitaltrends.com/mobile/common-ios-14-problems-and-how-to-fix-them/,Global,Society,-1,10000,eng,-1
2024-11-12 17:50:42.865349,https://www.techradar.com/news/wandavision-episode-8-recap-review,Global,Society,-1,10000,eng,50
2024-11-12 17:51:14.422187,https://daybyme.com/liv-72/giza_egypt2020_dopresovacezbanglades_stillalive_unbelievable-2rt5f724lh?page=profile,Global,Society,-1,10000,eng,-1
2024-11-12 17:51:16.133748,https://www.digitaltrends.com/cool-tech/lifeguard-drone-rescues-struggling-swimmer/,Global,Society,-1,10000,eng,-1
2024-11-12 17:51:20.349641,https://www.digitaltrends.com/home/philips-hue-debuts-its-new-app/,Global,Society,-1,10000,eng,50
2024-11-12 17:51:32.917556,https://www.techradar.com/reviews/cameras-and-camcorders/camcorders/panasonic-hdc-dx1-76028/review,Global,Society,-1,10000,eng,-1
2024-11-12 17:53:10.919399,https://daybyme.com/marketa-cerna,Global,Society,-1,10000,eng,25
2024-11-12 17:53:12.916329,https://www.digitaltrends.com/home-theater/5-things-google-pixel-buds-2-need-to-outdo-apple-airpods/,Global,Society,-1,10000,eng,-1
2024-11-12 17:53:13.930992,https://daybyme.com/simona-cernakova,Global,Society,-1,10000,eng,25
2024-11-12 17:53:26.673253,https://daybyme.com/liv-72/giza_egypt2020_dopresovacezbanglades_stillalive_unbelievable-2rt5f724lh?page=profile,Global,Society,-1,10000,eng,-1
2024-11-12 17:53:39.137395,https://daybyme.com/?page=8532,Global,Society,-1,10000,eng,25
2024-11-12 20:40:44.930521,https://bioliek.sk,Global,Business,-1,1000000,ces,1
2024-11-12 20:41:40.337891,https://www.bioliek.sk/reuma-a-zapalove-ochorenia/kurkuma--zlate-korenie/,Global,Business,-1,1000000,ces,-1
2024-11-12 20:41:51.189363,https://www.gamesradar.com/the-avengers-return-in-june-for-heroes-reborn-finale/,Global,Business,-1,1000000,ces,-1
2024-11-12 20:42:26.216903,https://www.objednatvysetrenie.sk/vyber-druhu-vysetrenia.html?page_id=89960&zid=126211,Global,Business,-1,1000000,ces,-1
2024-11-12 20:44:26.218634,https://www.handlova.sk/novinka/37609?utm_source=moderneobce.sk,Global,Business,-1,1000000,ces,50
2024-11-12 20:44:36.852733,https://www.vpeniaze.sk/co-do-lietadla/,Global,Business,-1,1000000,ces,25
2024-11-12 20:44:53.881577,https://www.vpeniaze.sk/register-upadcov/,Global,Business,-1,1000000,ces,25
2024-11-12 20:45:02.389785,https://www.tipio.sk/zelezo-v-potavinach/,Global,Business,-1,1000000,ces,25
2024-11-12 20:46:45.079736,https://jemezdravo.eu/recepty/podla-kategorie/natierky/domace-arasidove-maslo-1428/,Global,Business,-1,1000000,ces,-1
2024-11-13 10:20:56.028167,https://heureka.sk,Global,Society,10,10000,ces,1
2024-11-13 10:20:58.235961,https://www.pravda.sk/trendove-temy/kunsthalle/,Global,Society,10,10000,ces,50
2024-11-13 10:20:58.294711,https://www.pravda.sk/trendove-temy/studene-ruky/,Global,Society,10,10000,ces,50
2024-11-13 10:21:24.321246,https://www.pravda.sk/trendove-temy/rezort-vnutra/,Global,Society,10,10000,ces,50
2024-11-13 10:31:17.410248,https://www.zlatestranky.sk/firmy/bratislava/t157402/kamil+van%c3%adk+-+ekkv/,Global,Business,100,10000,ces,-1
2024-11-13 10:32:28.724836,https://www.nehnutelnosti.sk/5060042/utulny-3-izbovy-byt-na-gessayovej-ulici/?old=1,Global,Business,100,10000,ces,-1
2024-11-13 12:55:27.592288,https://heureka.sk,Global,Society,10,10000,ces,1
2024-11-13 12:55:29.808070,https://www.heureka.sk/znacky/lanvin/,Global,Society,10,10000,ces,25
2024-11-13 12:55:29.871761,https://www.pravda.sk/trendove-temy/kunsthalle/,Global,Society,10,10000,ces,50
2024-11-13 13:03:58.484635,https://pravda.sk,Global,Society,10,10000,ces,1
2024-11-13 13:04:02.078575,https://www.pravda.sk/trendove-temy/vojna-v-policii/,Global,Society,10,10000,ces,50
2024-11-13 13:04:02.118154,https://www.pravda.sk/trendove-temy/studene-ruky/,Global,Society,10,10000,ces,50
2024-11-13 13:49:50.060491,https://heureka.sk,Global,Society,10,10000,ces,1
2024-11-13 13:49:53.322728,https://www.heureka.sk/?h%5bfraze%5d=palm+tungsten+t,Global,Society,10,10000,ces,50
2024-11-13 13:49:53.374425,https://www.pravda.sk/trendove-temy/branislav-grohling/,Global,Society,10,10000,ces,50
2024-11-13 14:27:47.701738,https://szm.sk/,Global,Society,-1,100000,ces,1
2024-11-14 11:21:08.827902,https://www.digitaltrends.com/gaming/nes-classic-playstation-sales-prove-retro-gaming-is-no-fad/,Global,Society,-1,1000,spa,-1
2024-11-14 11:27:31.064529,https://www.techradar.com/reviews/audio-visual/televisions/lg-oled55b6-1328271/review,Global,Society,-1,1000,spa,-1
2024-11-14 11:35:08.157098,https://www.techradar.com/phones/iphone/iphone-se-4-could-get-a-small-price-bump-in-return-for-big-feature-boosts,Global,Society,-1,1000,spa,-1
2024-11-14 11:36:30.721682,https://www.techradar.com/news/this-google-chrome-security-flaw-could-affect-billions-of-users,Global,Society,-1,1000,spa,-1
2024-11-14 11:39:32.124830,https://www.digitaltrends.com/mobile/google-pixel-8-ai-photo-editing-tools-worry-me-why/,Global,Society,-1,1000,spa,-1
2024-11-14 11:40:19.375028,https://www.digitaltrends.com/computing/apple-arm-silicon-benchmarks-leak-good/,Global,Society,-1,1000,spa,-1
2024-11-14 11:47:38.673582,https://www.techradar.com/reviews/phones/mobile-phones/samsung-galaxy-europa-i5500-901047/review/2,Global,Society,-1,1000,spa,-1
2024-11-14 11:49:19.483547,https://www.techradar.com/gaming/the-hunt-for-diablo-4s-secret-cow-level-continues-despite-setbacks-from-new-patch,Global,Society,-1,1000,spa,-1
2024-11-14 11:50:09.932712,https://www.techradar.com/gaming/pc-gaming/twin-peaks-into-the-night-is-the-fan-made-ps1-style-game-we-never-knew-we-needed,Global,Society,-1,1000,spa,-1
2024-11-14 11:50:19.144776,https://www.techradar.com/reviews/phones/mobile-phones/samsung-galaxy-europa-i5500-901047/review/2,Global,Society,-1,1000,spa,-1
2024-11-14 11:50:31.251728,https://www.digitaltrends.com/computing/apple-arm-silicon-benchmarks-leak-good/,Global,Society,-1,1000,spa,-1
2024-11-14 11:50:53.613707,https://www.digitaltrends.com/mobile/common-ios-14-problems-and-how-to-fix-them/,Global,Society,-1,1000,spa,-1
2024-11-14 11:53:02.999705,https://www.digitaltrends.com/mobile/best-samsung-galaxy-note-20-cases/,Global,Society,-1,1000000,eng,50
2024-11-14 11:53:13.323530,https://www.techradar.com/news/wandavision-episode-8-recap-review,Global,Society,-1,1000000,eng,50
2024-11-14 13:46:59.385751,https://www.techradar.com/news/nvidia-is-struggling-to-get-people-onto-geforce-rtx-gpus,Global,Society,-1,1000,spa,-1
2024-11-14 13:47:27.616342,https://www.techradar.com/gaming/pc-gaming/twin-peaks-into-the-night-is-the-fan-made-ps1-style-game-we-never-knew-we-needed,Global,Society,-1,1000,spa,-1
2024-11-14 13:47:32.448578,https://www.techradar.com/news/reliance-expands-retail-business-buys-out-future-group-what-it-means,Global,Society,-1,1000,spa,-1
2024-11-14 13:47:40.405288,https://www.techradar.com/news/nvidia-is-struggling-to-get-people-onto-geforce-rtx-gpus,Global,Society,-1,1000,spa,-1
2024-11-14 13:50:41.557156,https://www.digitaltrends.com/mobile/common-ios-14-problems-and-how-to-fix-them/,Global,Society,-1,1000,spa,-1
2024-11-14 13:50:48.833931,https://www.techradar.com/news/world-of-tech/roundup/google-launches-free-analytics-for-android-apps-1087785,Global,Society,-1,1000,spa,-1
2024-11-14 13:50:50.239486,https://www.techradar.com/televisions/roku-could-be-planning-to-make-its-smart-tv-menu-bigger-and-better,Global,Society,-1,1000,spa,-1
2024-11-14 13:51:03.774698,https://www.techradar.com/news/internet/spotify-takes-on-itunes-with-ipod-syncing-951293,Global,Society,-1,1000,spa,-1
2024-11-14 13:51:05.441284,https://www.techradar.com/televisions/roku-could-be-planning-to-make-its-smart-tv-menu-bigger-and-better,Global,Society,-1,1000,spa,-1
2024-11-14 13:52:25.561986,https://www.digitaltrends.com/movies/the-big-bang-theory-best-episodes-ever-ranked/,Global,Society,-1,1000,spa,-1
2024-11-14 14:45:53.200588,https://www.techradar.com/news/nvidia-is-struggling-to-get-people-onto-geforce-rtx-gpus,Global,Society,-1,1000,spa,-1
2024-11-14 14:57:27.789306,https://www.techradar.com/reviews/cameras-and-camcorders/camcorders/panasonic-hdc-dx1-76028/review,Global,Society,-1,1000,spa,-1
2024-11-14 14:58:57.237192,https://www.digitaltrends.com/movies/the-big-bang-theory-best-episodes-ever-ranked/,Global,Society,-1,1000,spa,-1
2024-11-14 15:06:00.491793,https://pravda.sk,Global,Society,10,10000,ces,1
2024-11-14 15:06:01.473855,https://www.heureka.sk/?h%5bfraze%5d=logitech+g502+proteus+spectrum,Global,Society,10,10000,ces,50
2024-11-14 15:06:01.531133,https://www.heureka.sk/?h%5bfraze%5d=palm+tungsten+t,Global,Society,10,10000,ces,50
2024-11-14 15:07:31.972084,https://www.digitaltrends.com/cool-tech/lifeguard-drone-rescues-struggling-swimmer/,Global,Society,-1,1000,spa,-1
2024-11-14 15:08:09.024130,https://www.digitaltrends.com/computing/apple-arm-silicon-benchmarks-leak-good/,Global,Society,-1,1000,spa,-1
2024-11-14 15:08:39.792123,https://www.techradar.com/gaming/the-hunt-for-diablo-4s-secret-cow-level-continues-despite-setbacks-from-new-patch,Global,Society,-1,1000,spa,-1
2024-11-14 15:09:34.784181,https://www.techradar.com/reviews/phones/mobile-phones/samsung-galaxy-europa-i5500-901047/review/2,Global,Society,-1,1000,spa,-1
2024-11-14 15:11:56.736629,https://www.digitaltrends.com/gaming/nes-classic-playstation-sales-prove-retro-gaming-is-no-fad/,Global,Society,-1,1000,spa,-1
2024-11-14 15:12:45.977202,https://www.techradar.com/reviews/phones/mobile-phones/samsung-galaxy-europa-i5500-901047/review/2,Global,Society,-1,1000,spa,-1
2024-11-14 15:17:32.615756,https://www.techradar.com/news/wandavision-episode-8-recap-review,Global,Society,-1,1000,spa,50
2024-11-14 15:17:46.890849,https://www.techradar.com/streaming/entertainment/james-gunns-superman-dcu-movie,Global,Society,-1,1000,spa,-1
2024-11-14 15:27:50.686810,https://www.techradar.com/reviews/audio-visual/televisions/lg-oled55b6-1328271/review,Global,Society,-1,1000,spa,-1
2024-11-14 18:25:36.272168,https://www.techradar.com/news/internet/spotify-takes-on-itunes-with-ipod-syncing-951293,Global,Society,-1,1000,spa,-1
2024-11-14 18:25:43.176393,https://www.techradar.com/news/world-of-tech/roundup/google-launches-free-analytics-for-android-apps-1087785,Global,Society,-1,1000,spa,-1
2024-11-14 19:42:58.770596,https://daybyme.com/liv-72/giza_egypt2020_dopresovacezbanglades_stillalive_unbelievable-2rt5f724lh?page=profile,Local,Society,-1,-1,eng,-1
2024-11-14 19:43:30.663157,https://www.techradar.com/reviews/phones/mobile-phones/samsung-galaxy-europa-i5500-901047/review/2,Global,Society,-1,1000,spa,-1
2024-11-14 19:43:35.623636,https://www.digitaltrends.com/computing/apple-arm-silicon-benchmarks-leak-good/,Global,Society,-1,1000,spa,-1
2024-11-14 19:43:37.767681,https://www.techradar.com/how-to/how-to-watch-derry-girls-season-3-episode-6-online-stream-the-finale-from-anywhere,Global,Society,-1,1000,spa,-1
2024-11-14 19:43:50.668973,https://www.techradar.com/news/internet/spotify-takes-on-itunes-with-ipod-syncing-951293,Global,Society,-1,1000,spa,-1
2024-11-14 19:43:56.114250,https://www.digitaltrends.com/mobile/google-pixel-8-ai-photo-editing-tools-worry-me-why/,Global,Society,-1,1000,spa,-1
2024-11-14 19:44:01.482359,https://www.digitaltrends.com/cool-tech/lifeguard-drone-rescues-struggling-swimmer/,Global,Society,-1,1000,spa,-1
2024-11-14 19:44:03.264649,https://www.digitaltrends.com/gaming/nes-classic-playstation-sales-prove-retro-gaming-is-no-fad/,Global,Society,-1,1000,spa,-1
2024-11-14 19:44:04.662413,https://www.digitaltrends.com/computing/apple-arm-silicon-benchmarks-leak-good/,Global,Society,-1,1000,spa,-1
2024-11-14 19:44:05.989607,https://www.techradar.com/streaming/entertainment/james-gunns-superman-dcu-movie,Global,Society,-1,1000,spa,-1
2024-11-14 19:44:41.805625,https://www.techradar.com/televisions/roku-could-be-planning-to-make-its-smart-tv-menu-bigger-and-better,Global,Society,-1,1000,spa,-1
2024-11-14 19:44:43.683291,https://www.digitaltrends.com/home-theater/5-things-google-pixel-buds-2-need-to-outdo-apple-airpods/,Global,Society,-1,1000,spa,-1
2024-11-14 19:54:24.729355,https://www.techradar.com/phones/motorola-phones/page/8,Global,Society,-1,1000,spa,50
2024-11-14 19:55:42.333230,https://www.techradar.com/reviews/audio-visual/televisions/lg-oled55b6-1328271/review,Global,Society,-1,1000,spa,-1
2024-11-14 20:19:54.571679,https://www.digitaltrends.com/computing/apple-arm-silicon-benchmarks-leak-good/,Global,Society,-1,1000,spa,-1
2024-11-15 10:35:00.187242,https://www.transfermarkt.com/tipprunde/index,Local,News,-1,-1,eng,25
2024-11-15 10:37:53.871929,https://www.csfd.sk/film/329183-hubert-a-staller/719755-alles-wird-gut/galeria/,Global,Shopping,100,100000,ces,-1
2024-11-15 10:38:09.228079,https://csfd.sk,Global,Shopping,100,100000,ces,1
2024-11-15 10:38:23.738970,https://www.nay.sk/tlaciarne-epson/znacka_epson-2_panospace,Global,Shopping,100,100000,ces,50
2024-11-15 10:38:27.102923,https://www.csfd.sk/film/1452289-zly-herec/recenzie/?comment=13149124,Global,Shopping,100,100000,ces,-1
2024-11-15 10:38:31.605243,https://www.csfd.sk/film/329183-hubert-a-staller/719755-alles-wird-gut/galeria/,Global,Shopping,100,100000,ces,-1
2024-11-15 10:38:49.355293,https://sashe.sk,Global,Shopping,100,100000,ces,1
2024-11-15 11:25:14.217301,https://www.techradar.com/gaming/consoles-pc/playstation/page/3,Global,Society,-1,10000,eng,50
2024-11-15 12:42:43.255888,https://nay.sk,Global,Shopping,100,100000,ces,1
2024-11-15 12:43:29.330215,https://www.kupsito.sk/i/10096356002/naplne-a-atramenty-do-pier/4001-atrament-pre-cervene-pero-62-5ml-pelikan,Global,Shopping,100,100000,ces,-1
2024-11-15 12:45:30.589162,https://aukro.sk/uzivatel/jaroslavk963,Global,Shopping,100,100000,ces,25
2024-11-15 12:45:42.869522,https://www.nay.sk/rucne-mixery/znacka_adler_philips-1/tags_isfreetransport,Global,Shopping,100,100000,ces,-1
2024-11-15 12:45:48.686217,https://aukro.sk/uzivatel/hypermoto/nabidky,Global,Shopping,100,100000,ces,50
2024-11-15 12:45:55.024035,https://aukro.sk/vymennik-kurenia-fiat-lancia-7008361330,Global,Shopping,100,100000,ces,50
2024-11-15 12:46:07.483152,https://www.kupsito.sk/i/7424759046/darcekove-hrnceky-a-pohare/hrncek-bratia-koala-benio-franio-meno-a-karton,Global,Shopping,100,100000,ces,-1
2024-11-15 12:46:09.199945,https://www.nay.sk/elektricke-rychlovarne-cajniky-uchovanie-teploty/uchovanie-teploty_nie-664?page=2,Global,Shopping,100,100000,ces,-1
2024-11-15 12:46:11.194891,https://aukro.sk/realme-7-90hz-novy-stav-64-4gb-zaruka-12-mesiacov-7038843511,Global,Shopping,100,100000,ces,-1
2024-11-15 12:46:20.330835,https://www.csfd.sk/uzivatel/492575-lovely-bones/prehlad/,Global,Shopping,100,100000,ces,50
2024-11-15 12:46:25.805035,https://www.kupsito.sk/i/10507960845/darcekove-hrnceky-a-pohare/hrncek-s-macickou-pre-darcek-milovnika-maciciek,Global,Shopping,100,100000,ces,-1
2024-11-15 12:46:33.082144,https://www.nay.sk/elektricke-rychlovarne-cajniky-nastavitelna-teplota/nastavitelna-teplota_ano-491/znacka_camry,Global,Shopping,100,100000,ces,-1
2024-11-15 13:37:47.367684,https://www.digitaltrends.com/mobile/apple-watch-sales-november/,Global,Society,-1,10000,eng,50
2024-11-15 14:32:13.682858,https://www.nay.sk/internetove-radia-camry/farba_biela-20/znacka_camry,Global,Shopping,100,100000,ces,-1
2024-11-15 14:40:11.302067,https://csfd.sk,Global,Shopping,100,100000,ces,1
2024-11-15 14:40:15.236666,https://aukro.sk/pumpa-dlha-na-favorit-f12-f11-neoriginalna-7055539560,Global,Shopping,100,100000,ces,-1
2024-11-15 14:40:41.438676,https://www.nay.sk/tlaciarne-xiaomi/technologia-tlace_atramentova/znacka_xiaomi,Global,Shopping,100,100000,ces,-1
2024-11-15 14:41:15.001956,https://www.kupsito.sk/i/11617122295/mini-skleniky-a-foliovniky/zarzywniak-herbarovy-inspekcny-box-120x120-zdarma,Global,Shopping,100,100000,ces,-1
2024-11-15 14:41:24.151259,https://www.sashe.sk/chcem/napisat-spravu?komu=a.dizajn&relative=/a.dizajn/detail/moderna-miska-predlzene-rameno,Global,Shopping,100,100000,ces,-1
2024-11-15 14:42:06.371838,https://www.sashe.sk/ridask?ranking,Global,Shopping,100,100000,ces,25
2024-11-15 14:42:22.340006,https://aukro.sk/uzivatel/abacus,Global,Shopping,100,100000,ces,25
2024-11-15 14:42:59.517949,https://www.nay.sk/elektricke-rychlovarne-cajniky-uchovanie-teploty/uchovanie-teploty_nie-664?page=2,Global,Shopping,100,100000,ces,-1
2024-11-15 14:43:13.846754,https://aukro.sk/starozitny-porcelan,Global,Shopping,100,100000,ces,25
2024-11-15 14:43:30.889997,https://www.sashe.sk/laser-art-atelier,Global,Shopping,100,100000,ces,25
2024-11-15 14:43:42.881232,https://www.nay.sk/rucne-mixery/farba_bezova-3/pocet-rychlosti_5/znacka_russell-hobbs,Global,Shopping,100,100000,ces,-1
2024-11-15 14:43:50.490471,https://www.kupsito.sk/c/121448/priemyselna-automatizacia/ovladace-a-regulatory/1,Global,Shopping,100,100000,ces,-1
2024-11-15 14:43:56.967146,https://aukro.sk/dalekohlady,Global,Shopping,100,100000,ces,25
2024-11-15 14:44:05.106090,https://www.sashe.sk/lucy-art/moje/obalky,Global,Shopping,100,100000,ces,25
2024-11-15 14:44:50.860367,https://www.sashe.sk/ridask?wishlist,Global,Shopping,100,100000,ces,25
2024-11-15 14:45:58.217416,https://www.digitaltrends.com/mobile/common-ios-14-problems-and-how-to-fix-them/,Global,Society,-1,10000,eng,-1
2024-11-15 14:46:02.676194,https://www.sashe.sk/obchod/ozdobne-vankuse,Global,Shopping,100,100000,ces,25
2024-11-15 14:47:02.649601,https://www.sashe.sk/themartinpaseka/journal/kalvaria-v-banskej-stiavnici,Global,Shopping,100,100000,ces,-1
2024-11-15 14:47:20.963838,https://www.nay.sk/tlaciarne-xiaomi/technologia-tlace_atramentova/znacka_xiaomi,Global,Shopping,100,100000,ces,-1
2024-11-15 14:47:24.022255,https://www.nay.sk/elektricke-rychlovarne-cajniky-uchovanie-teploty/uchovanie-teploty_nie-664?page=2,Global,Shopping,100,100000,ces,-1
2024-11-15 15:48:54.599288,https://www.birdz.sk/samuelfghk/blog/zivot-bez-ruska/179667-clanok.html,Global,Society,500,1000,eng,-1
2024-11-15 15:52:33.854355,https://www.digitaltrends.com/mobile/qualcomm-snapdragon-8-gen-1-plus-7-gen-1-xr/,Global,Society,-1,10000,eng,-1
2024-11-15 16:34:25.425193,https://nbs.sk/aktuality/komunike-z-10-rokovania-bankovej-rady-nbs-4/,Global,Society,500,1000,eng,-1
2024-11-15 16:34:36.015402,https://www.techradar.com/gaming/consoles-pc/playstation/page/3,Global,Society,-1,10000,eng,50
2024-11-15 16:35:44.240805,https://nbs.sk/aktuality/komunike-z-9-rokovania-bankovej-rady-nbs-4/,Global,Society,500,1000,eng,-1
2024-11-15 16:46:37.157673,https://www.digitaltrends.com/gaming/destiny-2-getting-major-sword-overhaul-in-season-10/,Global,Society,-1,10000,eng,-1
2024-11-15 16:47:00.631416,https://www.digitaltrends.com/home/homes-with-secret-passages/,Global,Society,-1,10000,eng,50
2024-11-15 16:47:08.093252,https://www.digitaltrends.com/news/spacex-nasa-crewed-launch/,Global,Society,-1,10000,eng,50
2024-11-15 16:47:17.986525,https://www.techradar.com/news/wandavision-episode-8-recap-review,Global,Society,-1,10000,eng,50
2024-11-15 16:47:30.838466,https://www.digitaltrends.com/news/spacex-nasa-crewed-launch/,Global,Society,-1,10000,eng,50
2024-11-15 16:53:47.619719,https://www.techbox.sk/mad-catz-cyborg-r-a-t-9-mys-pre-skutocne-narocnych-hracov,Global,Society,500,1000,eng,-1
2024-11-16 08:14:45.237541,https://nbs.sk/upozornenie-nbs-na-cinnost-spolocnosti-next-trade-ltd-a-r-s-marketing-ltd-www-olympusmarkets-com/,Global,Society,500,1000,eng,-1
2024-11-16 08:16:46.414854,https://daybyme.com/tereza-53/dnescestujem-nacp019rqp,Global,Society,-1,10000,eng,50
2024-11-16 09:28:40.707658,https://www.techbox.sk/lg-opat-ozivuje-veckove-mobily-tentokrat-pre-seniorov-a-s-androidom,Global,Society,500,1000,eng,-1
2024-11-18 09:57:14.943981,https://www.birdz.sk/karlotiskot/obrazok/-d/1090748-foto.html,Global,Society,500,1000,eng,50
2024-11-18 09:58:32.263744,https://nbs.sk/aktuality/guverner-nbs-peter-kazimir-nasim-firmam-hrozi-nova-forma-krizy-rozhovor/,Global,Society,500,1000,eng,-1
2024-11-18 10:03:19.981088,https://www.digitaltrends.com/home/homes-with-secret-passages/,Global,Society,-1,10000,eng,50
2024-11-18 10:05:47.983042,https://nbs.sk/aktuality/nbs-sa-zapoji-do-projektu-hodina-zeme-2024/,Global,Society,500,1000,eng,-1
2024-11-18 10:21:12.536441,https://www.techradar.com/televisions/roku-could-be-planning-to-make-its-smart-tv-menu-bigger-and-better,Global,Society,-1,10000,eng,-1
2024-11-18 11:16:16.590430,https://daybyme.com/mirkafidrichova,Global,Society,-1,10000,eng,25
2024-11-18 11:16:39.882017,https://www.techradar.com/how-to/how-to-watch-derry-girls-season-3-episode-6-online-stream-the-finale-from-anywhere,Global,Society,-1,10000,eng,-1
2024-11-18 12:30:42.635788,https://www.sportskeeda.com/esports/what-expect-animal-crossing-new-horizons-fall-update,Global,News,500,100,eng,-1
2024-11-18 12:31:22.072986,https://daybyme.com/robertarepakova/orange-ootd?page=profile,Global,Society,-1,10000,eng,50
2024-11-18 12:32:15.367130,https://daybyme.com/marketa-cerna,Global,Society,-1,100,eng,25
2024-11-18 12:32:50.268719,https://www.techradar.com/reviews/cameras-and-camcorders/camcorders/panasonic-hdc-dx1-76028/review,Global,Society,-1,10000,eng,-1
2024-11-18 12:33:47.748984,https://www.birdz.sk/forum/mala-by-sa-europa-aktivne-zapojit-do-vojny-na-ukrajine/196669-tema.html,Global,Society,500,1000,eng,-1
2024-11-18 12:36:04.687312,https://www.techradar.com/news/this-google-chrome-security-flaw-could-affect-billions-of-users,Global,Society,-1,10000,eng,-1
2024-11-18 12:36:36.339649,https://www.techradar.com/gaming/consoles-pc/playstation/page/3,Global,Society,-1,10000,eng,50
2024-11-18 13:15:51.739724,https://pravda.sk,Global,Society,10,10000,ces,1
2024-11-18 13:15:56.909036,https://www.pravda.sk/trendove-temy/transplantacia-pluc/,Global,Society,10,10000,ces,50
2024-11-18 13:15:56.962942,https://www.heureka.sk/?h%5bfraze%5d=roccat+taito,Global,Society,10,10000,ces,50
2024-11-18 13:24:07.516724,https://www.heureka.sk/znacky/noxi/,Global,Society,10,10,eng,25
2024-11-18 13:53:22.917414,https://www.sportskeeda.com/cricket/top-3-highest-scores-cooch-behar-trophy-ft-prakhar-chaturvedi,Global,News,500,100,eng,-1
2024-11-18 14:06:33.406300,https://www.techbox.sk/nove-tablety-lenovo-yoga-tablet-2-pro-aj-s-projektorom,Global,Society,500,1000,eng,-1
2024-11-18 16:23:40.702637,https://www.digitaltrends.com/dtdeals/roku-ultra-deal-cyber-monday-2020/,Global,Society,-1,10000,eng,50
2024-11-18 16:25:25.069233,https://www.digitaltrends.com/computing/apple-arm-silicon-benchmarks-leak-good/,Global,Society,-1,10000,eng,-1
2024-11-18 16:25:54.436116,https://www.digitaltrends.com/cool-tech/wi-fi-detects-suspicious-items/,Global,Society,-1,100,eng,50
2024-11-18 16:26:27.766209,https://www.techbox.sk/xiaomi-mi-band-5-smart-naramok-s-kopcom-funkcii-za-bezkonkurencnu-cenu,Global,Society,500,1000,eng,-1
2024-11-18 16:38:09.599364,https://www.digitaltrends.com/mobile/verizon-ellipsis-10-tablet-news/,Global,Society,-1,10000,eng,50
2024-11-18 16:59:40.295229,https://www.techbox.sk/oculus-rift-crescent-bay-virtualne-okuliare-ktore-sa-budete-bat-nasadit,Global,Society,500,1000,eng,-1
2024-11-18 17:00:23.645177,https://www.sportskeeda.com/football/rumor-liverpool-barcelona-talks-stunning-swap-deal-january-reports,Global,News,500,100,eng,-1
2024-11-18 17:00:44.324085,https://daybyme.com/kamil-klekar,Global,Society,-1,100,eng,25
2024-11-18 17:03:41.702488,https://nbs.sk/aktuality/komunike-z-9-rokovania-bankovej-rady-nbs-4/,Global,Society,500,1000,eng,-1
2024-11-18 17:48:57.098751,https://pravda.sk,Global,News,10,10000,ces,1
2024-11-18 18:21:09.642578,https://nbs.sk/aktuality/hlavny-ekonom-nbs-michal-horvath-v-ranne-spravy-rtvs-o-vyvoji-ekonomiky/,Global,Society,500,1000,eng,-1
2024-11-18 18:21:28.315457,https://www.gamesradar.com/ni-no-kuni-2-switch-version-leaks-via-an-esrb-rating/,Global,Business,-1,100000,eng,-1
2024-11-18 18:21:50.452107,https://www.techbox.sk/rychle-spravy/dalsia-vlajkova-lod-spolocnosti-realme,Global,Society,500,1000,eng,-1
2024-11-18 18:28:06.404109,https://www.packeta.sk/pobocky/z-box-gyoengyoes-erzsebet-kiralyne-utca-1-bubbles,Global,Society,500,1000,eng,-1
2024-11-18 18:36:16.786810,https://nbs.sk/statisticke-udaje/statistika-platobnej-bilancie/statisticke-udaje-za-bankovy-sektor/devizovy-trh-v-sr/04_feb/,Global,Society,500,1000,eng,-1
2024-11-18 18:36:26.762423,https://www.sportskeeda.com/live-kabaddi-score/gujarat-giants-vs-haryana-steelers-26-february-2024,Global,News,500,100,eng,-1
2024-11-18 18:59:04.591131,https://www.techradar.com/phones/motorola-phones/page/8,Global,Society,-1,10000,eng,50
2024-11-18 19:04:03.840171,https://www.birdz.sk/mydreams/status/videli-ste-uz-vlka-ktory-kvoli-nazoru-oveciek-zle-spi-/1108932-status.html,Global,Society,500,1000,eng,-1
2024-11-18 19:05:40.131715,https://www.techradar.com/how-to/how-to-watch-derry-girls-season-3-episode-6-online-stream-the-finale-from-anywhere,Global,Society,-1,100,eng,-1
2024-11-19 07:57:20.698778,https://www.pravda.sk/trendove-temy/rakety-stredneho-doletu/,Global,Society,10,10,eng,50
2024-11-19 07:57:21.996531,https://www.heureka.sk/znacky/inglesina/,Global,Society,10,10,eng,25
2024-11-19 07:59:40.134211,https://www.pravda.sk/trendove-temy/pokrytectvo/,Global,Society,10,10,eng,50
2024-11-19 07:59:41.128530,https://www.heureka.sk/znacky/blist/,Global,Society,10,10,eng,25
2024-11-19 08:05:40.566525,https://www.heureka.sk/?h%5bfraze%5d=sencor+svc+190,Global,Society,10,10,eng,50
2024-11-19 08:05:41.516287,https://www.heureka.sk/znacky/lanvin/,Global,Society,10,10,eng,25
2024-11-19 08:06:45.388612,https://www.heureka.sk/znacky/stonozka/,Global,Society,10,10,eng,25
2024-11-19 08:16:08.600043,https://www.pravda.sk/trendove-temy/samovrazedne-myslienky/,Global,Society,10,10,eng,50
2024-11-19 08:16:09.610047,https://www.pravda.sk/trendove-temy/mispula/,Global,Society,10,10,eng,25
2024-11-19 10:30:28.270715,https://www.digitaltrends.com/cool-tech/wi-fi-detects-suspicious-items/,Global,Society,-1,10000,eng,50
2024-11-19 11:27:01.271957,https://daybyme.com/anastasiya-kovalyk/ootd-qm6ctnarcg,Global,Society,-1,10000,eng,50
2024-11-19 11:31:26.509948,https://www.techbox.sk/honor-magic-6-pro-ma-periskopovy-fotak-s-najvacsim-rozlisenim,Global,Society,500,1000,eng,-1
2024-11-19 11:31:35.611470,https://www.techradar.com/reviews/cameras-and-camcorders/camcorders/panasonic-hdc-dx1-76028/review,Global,Society,-1,10000,eng,-1
2024-11-19 11:32:05.539533,https://www.packeta.sk/pobocky/z-box-slavkov-u-brna-ceskoslovenske-armady-lidl,Global,Society,500,1000,eng,-1
2024-11-19 11:41:38.688574,https://www.digitaltrends.com/home/philips-hue-debuts-its-new-app/,Global,Society,-1,1000000,eng,50
2024-11-19 11:41:50.978195,https://daybyme.com/robertarepakova/orange-ootd?page=profile,Global,Society,-1,1000000,eng,50
2024-11-19 17:01:51.053091,https://www.techradar.com/reviews/mykronoz-zetime-review,Global,Society,-1,10000,eng,50
2024-11-19 17:13:14.291269,https://daybyme.com/anastasiya-kovalyk/ootd-qm6ctnarcg,Global,Society,-1,10000,eng,50
2024-11-19 17:14:02.667059,https://www.techradar.com/gaming/consoles-pc/playstation/page/3,Global,Society,-1,10000,eng,50
2024-11-19 17:36:40.089413,https://www.heureka.sk/?h%5bfraze%5d=profine+cat+derma+adult+salmon+-+300g,Global,Business,10,100000,ces,-1
2024-11-19 20:29:10.649784,https://www.techradar.com/gaming/consoles-pc/playstation/page/3,Global,Society,-1,10000,eng,50
2024-11-20 06:49:45.471732,https://www.digitaltrends.com/mobile/apple-watch-sales-november/,Global,Society,-1,10000,eng,50
2024-11-20 10:39:37.497425,https://nbs.sk/aktuality/komunike-zo-14-rokovania-bankovej-rady-nbs-6/,Global,Society,500,1000,eng,-1
2024-11-20 15:28:25.235762,https://www.digitaltrends.com/mobile/apple-watch-sales-november/,Global,Society,-1,1000,eng,50
2024-11-20 15:28:31.737227,https://www.digitaltrends.com/home/philips-hue-debuts-its-new-app/,Global,Society,-1,1000,eng,50
2024-11-20 17:32:32.440713,https://www.digitaltrends.com/cool-tech/wi-fi-detects-suspicious-items/,Global,Society,-1,1000,eng,50
2024-11-20 17:34:23.367926,https://daybyme.com,Global,Society,-1,10000,eng,1
2024-11-21 11:05:53.626347,https://nbs.sk/aktuality/komunike-zo-14-rokovania-bankovej-rady-nbs-6/,Global,Society,500,1000,eng,-1
2024-11-21 11:06:50.691419,https://www.techradar.com/phones/motorola-phones/page/8,Global,Society,-1,1000000,eng,50
2024-11-21 19:10:55.084537,https://gamespot.com,Global,Business,-1,100000,eng,1
2024-11-21 19:11:00.986508,https://www.gamespot.com/games/sparkle/cheats/,Global,Business,-1,100000,eng,25
2024-11-21 19:11:18.971004,https://kayak.com,Global,Business,-1,100000,eng,1
2024-11-21 19:11:32.608671,https://www.gamespot.com/profile/blasianxstud/,Global,Business,-1,100000,eng,25
2024-11-21 21:33:45.222086,https://www.techradar.com/gaming/pc-gaming/twin-peaks-into-the-night-is-the-fan-made-ps1-style-game-we-never-knew-we-needed,Global,Society,-1,10000,eng,-1
2024-11-21 21:47:43.139478,https://www.heureka.sk/?h%5bfraze%5d=profine+cat+derma+adult+salmon+-+300g,Global,Business,10,100000,ces,-1
2024-11-21 21:48:42.465082,https://notino.sk,Global,Shopping,500,1000000,ces,1
2024-11-21 21:48:54.240421,https://www.autovia.sk/osobne-auta/citroen-c25/?p%5bparam25%5d=-338,Global,Shopping,500,1000000,ces,50
2024-11-21 21:48:54.335956,https://www.autovia.sk/osobne-auta/hyundai-i30-cw/?p%5bparam25%5d=-338,Global,Shopping,500,1000000,ces,50
2024-11-21 21:49:14.184064,https://www.autovia.sk/predajca/banska-bystrica/auto-imp/102534/,Global,Shopping,500,1000000,ces,50
2024-11-21 21:49:14.279960,https://www.autovia.sk/nahradne-diely/svetlomety/?debug=0/,Global,Shopping,500,1000000,ces,50
2024-11-21 21:49:33.735349,https://www.autovia.sk/,Global,Shopping,500,1000000,ces,1
2024-11-21 21:49:41.182815,https://www.autovia.sk/osobne-auta/ford-focus/?v=1,Global,Shopping,500,1000000,ces,50
2024-11-21 21:49:44.830173,https://www.notino.sk/filorga-skin-prep/,Global,Shopping,500,1000000,ces,25
2024-11-21 21:49:55.235430,https://www.notino.sk/garnier/skin-naturals-vitamin-c-denny-rozjasnujuci-uv-fluid-spf-50-6966192/,Global,Shopping,500,1000000,ces,-1
2024-11-21 21:49:55.473608,https://www.notino.sk/kiehls/lip-balm-ochranny-balzam-na-pery-pre-vsetky-typy-pleti/,Global,Shopping,500,1000000,ces,-1
2024-11-21 21:49:55.984710,https://www.notino.sk/elemis/anti-ageing-dynamic-obnovujuca-maska-s-vyhladzujucim-efektom/,Global,Shopping,500,1000000,ces,-1
2024-11-21 21:49:56.642605,https://www.notino.sk/dr-barbara-sturm/clarifying-rozjasnujuce-serum-pre-mastnu-a-problematicku-plet/,Global,Shopping,500,1000000,ces,-1
2024-11-21 21:49:57.076687,https://www.autovia.sk/nove-auto/volvo-ex30-single-motor-extended-range-plus/26110726/,Global,Shopping,500,1000000,ces,-1
2024-11-21 21:49:57.378989,https://www.notino.sk/elemis/anti-ageing-dynamic-obnovujuca-maska-s-vyhladzujucim-efektom/,Global,Shopping,500,1000000,ces,-1
2024-11-21 21:49:57.669414,https://www.autovia.sk/nakladne-auto/mercedes-benz-cle-300-coupe/25655544/,Global,Shopping,500,1000000,ces,-1
2024-11-21 21:49:58.228628,https://www.notino.sk/elemis/anti-ageing-dynamic-obnovujuca-maska-s-vyhladzujucim-efektom/,Global,Shopping,500,1000000,ces,-1
2024-11-21 21:49:58.819820,https://www.notino.sk/mario-badescu/the-clear-look-darcekova-sadaproti-nedokonalostiam-pleti/,Global,Shopping,500,1000000,ces,-1
2024-11-21 21:49:59.269642,https://www.notino.sk/jeffree-star-cosmetics/banana-fetish-velour-lip-scrub-cukrovy-peeling-na-pery/,Global,Shopping,500,1000000,ces,-1
2024-11-21 21:50:00.162864,https://www.notino.sk/kiehls/lip-balm-ochranny-balzam-na-pery-pre-vsetky-typy-pleti/,Global,Shopping,500,1000000,ces,-1
2024-11-21 21:50:02.144742,https://www.autovia.sk/osobne-auta/mercedes-benz-eqs/?p%5bparam25%5d=-338,Global,Shopping,500,1000000,ces,-1
2024-11-21 21:50:10.039645,https://www.notino.sk/garnier/skin-naturals-vitamin-c-denny-rozjasnujuci-uv-fluid-spf-50-6966192/,Global,Shopping,500,1000000,ces,-1
2024-11-21 21:50:11.485539,https://www.autovia.sk/nakladne-auto/volkswagen-crafter-40-dodavka-35-2-0-tdi-lr/23843459/,Global,Shopping,500,1000000,ces,-1
2024-11-21 21:50:33.002974,https://www.notino.sk/chanel/le-lift-spevnujuci-krem-s-vypinacim-ucinkom-pre-suchu-plet/,Global,Shopping,500,1000000,ces,-1
2024-11-21 21:52:29.334454,https://aukro.sk,Global,Shopping,100,100000,ces,1
2024-11-21 21:52:48.233488,https://aukro.sk/uzivatel/abacus,Global,Shopping,100,100000,ces,25
2024-11-21 21:52:51.167358,https://aukro.sk/uzivatel/hypermoto/nabidky,Global,Shopping,100,100000,ces,50
2024-11-21 21:52:58.609412,https://www.sashe.sk/themartinpaseka/journal/kalvaria-v-banskej-stiavnici,Global,Shopping,100,100000,ces,-1
2024-11-21 21:53:01.786840,https://www.kupsito.sk/i/11924399078/mini-skleniky-a-foliovniky/box-na-zeleninu-120x80-kontrola,Global,Shopping,100,100000,ces,-1
2024-11-21 21:53:04.849906,https://aukro.sk/q13-samsung-dialkove-ovladanie-smart-tv-7055191208,Global,Shopping,100,100000,ces,-1
2024-11-21 21:53:04.856351,https://aukro.sk/nemecko-reich-dansko-holandsko-hodnotna-zbierka-7067159388,Global,Shopping,100,100000,ces,-1
2024-11-22 08:29:15.311166,https://www.techradar.com/reviews/audio-visual/televisions/lg-oled55b6-1328271/review,Global,Society,-1,1000,eng,-1
2024-11-22 08:29:19.135699,https://www.techradar.com/reviews/cameras-and-camcorders/camcorders/panasonic-hdc-dx1-76028/review,Global,Society,-1,1000,eng,-1
2024-11-22 14:03:09.831799,https://www.digitaltrends.com/home/homes-with-secret-passages/,Global,Society,-1,1000,eng,50
2024-11-22 14:08:41.317586,https://nay.sk,Global,Shopping,100,100000,ces,1
2024-11-22 14:08:45.793228,https://www.sashe.sk/ridask?ranking,Global,Shopping,100,100000,ces,25
2024-11-22 14:09:14.518409,https://www.csfd.sk/film/64853-jackie/prehlad/,Global,Shopping,100,100000,ces,50
2024-11-22 14:09:39.686865,https://www.sashe.sk/hellena/detail/obrazok-maly-anjel,Global,Shopping,100,100000,ces,50
2024-11-22 14:09:51.992869,https://aukro.sk/dalekohlady,Global,Shopping,100,100000,ces,25
2024-11-22 14:09:54.366387,https://www.sashe.sk/laser-art-atelier,Global,Shopping,100,100000,ces,25
2024-11-22 14:09:57.029627,https://aukro.sk/turisticke-baterky-svietidla,Global,Shopping,100,100000,ces,50
2024-11-22 14:10:16.540469,https://www.kupsito.sk/c/121477/materialy-a-prislusenstvo/kotuce-na-rezanie-a-prislusenstvo/1,Global,Shopping,100,100000,ces,-1
2024-11-22 16:58:28.922990,https://pravda.sk,Global,Society,10,10000,ces,1
2024-11-22 16:58:31.755789,https://www.heureka.sk/?h%5bfraze%5d=centropen+6252,Global,Society,10,10000,ces,50
2024-11-22 16:58:31.814645,https://www.pravda.sk/trendove-temy/respekt/strana-3/,Global,Society,10,10000,ces,50
2024-11-22 17:38:49.268118,https://www.techbox.sk/rychle-spravy/dalsia-vlajkova-lod-spolocnosti-realme,Global,Society,500,1000,eng,-1
2024-11-22 18:03:42.376253,https://www.kayak.com/hot-springs.36574.guide,Global,Business,-1,100000,eng,25
2024-11-23 09:05:12.801213,https://www.techradar.com/gaming/the-hunt-for-diablo-4s-secret-cow-level-continues-despite-setbacks-from-new-patch,Global,Society,-1,1000,eng,-1
2024-11-23 09:05:17.450967,https://www.techradar.com/how-to/how-to-watch-derry-girls-season-3-episode-6-online-stream-the-finale-from-anywhere,Global,Society,-1,1000,eng,-1
2024-11-23 09:24:21.336716,https://www.tipio.sk/recyklovany-kancelarsky-papier-nielen-pre-ochrancov-zivotneho-prostredia/,Global,Business,-1,1000000,ces,-1
2024-11-23 09:24:22.548367,https://www.objednatvysetrenie.sk/vyber-druhu-vysetrenia.html?page_id=89960&zid=62961,Global,Business,-1,1000000,ces,-1
2024-11-23 09:24:29.751187,https://www.pravda.sk/trendove-temy/respekt/strana-3/,Global,News,10,10000,ces,-1
2024-11-23 09:24:37.773270,https://pravda.sk,Global,News,10,10000,ces,1
2024-11-23 11:24:02.886376,https://techradar.com,Global,Society,-1,100000,eng,1
2024-11-23 11:24:16.580258,https://daybyme.com/simona-cernakova,Global,Society,-1,100000,eng,25
2024-11-23 11:24:36.772270,https://digitaltrends.com,Global,Society,-1,100000,eng,1
2024-11-23 11:24:48.942118,https://daybyme.com/auto-seeks,Global,Society,-1,100000,eng,25
2024-11-23 11:25:01.032637,https://daybyme.com/mirkafidrichova,Global,Society,-1,100000,eng,25
2024-11-23 11:25:09.645931,https://daybyme.com/?page=8532,Global,Society,-1,100000,eng,25
2024-11-23 11:25:24.691881,https://daybyme.com/nikolaplankova,Global,Society,-1,100000,eng,25
2024-11-23 11:25:44.014419,https://www.techradar.com/phones/motorola-phones/page/8,Global,Society,-1,100000,eng,50
2024-11-23 11:26:03.775425,https://daybyme.com/simona-cernakova,Global,Society,-1,100000,eng,25
2024-11-23 11:26:06.793745,https://www.digitaltrends.com/home/philips-hue-debuts-its-new-app/,Global,Society,-1,100000,eng,50
2024-11-23 11:26:13.356791,https://daybyme.com/romi-belanyiova,Global,Society,-1,100000,eng,25
2024-11-23 11:26:22.989750,https://www.digitaltrends.com/mobile/best-samsung-galaxy-note-20-cases/,Global,Society,-1,100000,eng,50
2024-11-23 11:28:18.911312,https://daybyme.com,Global,Society,-1,100000,eng,1
2024-11-23 14:49:50.664885,https://heureka.sk,Global,Society,10,10000,ces,1
2024-11-23 17:52:25.077477,https://www.heureka.sk/znacky/noxi/,Global,Society,10,10,eng,25
2024-11-23 17:58:02.643729,https://www.heureka.sk/znacky/stonozka/,Global,Society,10,10,eng,25
2024-11-23 18:01:34.636811,https://www.heureka.sk/znacky/noxi/,Global,Society,10,10,eng,25
2024-11-23 18:01:40.607144,https://www.heureka.sk/znacky/lanvin/,Global,Society,10,10,eng,25
2024-11-23 18:04:27.576635,https://www.heureka.sk/znacky/inglesina/,Global,Society,10,10,eng,25
2024-11-23 18:17:22.988740,https://www.digitaltrends.com/news/spacex-nasa-crewed-launch/,Global,Society,-1,10000,eng,50
2024-11-25 08:41:23.055043,https://www.packeta.sk/pobocky/z-box-plesna-namesti-svobody-52,Global,Society,500,1000,eng,50
2024-11-25 08:43:45.023395,https://www.techbox.sk/lg-opat-ozivuje-veckove-mobily-tentokrat-pre-seniorov-a-s-androidom,Global,Society,500,1000,eng,-1
2024-11-25 08:45:06.399029,https://www.techradar.com/how-to/how-to-watch-derry-girls-season-3-episode-6-online-stream-the-finale-from-anywhere,Global,Society,-1,1000000,eng,-1
2024-11-25 10:09:01.453400,https://www.techradar.com/reviews/mykronoz-zetime-review,Global,Society,-1,10000,eng,50
2024-11-25 10:29:06.779210,https://www.sportskeeda.com/live-kabaddi-score/gujarat-giants-vs-haryana-steelers-26-february-2024,Global,News,500,100,eng,-1
2024-11-25 10:30:09.313282,https://www.packeta.sk/pobocky/z-box-slavkov-u-brna-ceskoslovenske-armady-lidl,Global,Society,500,1000,eng,-1
2024-11-25 10:30:18.242751,https://www.techradar.com/televisions/roku-could-be-planning-to-make-its-smart-tv-menu-bigger-and-better,Global,Society,-1,1000000,eng,-1
2024-11-25 10:39:29.735336,https://nbs.sk/aktuality/hlavny-ekonom-nbs-michal-horvath-v-ranne-spravy-rtvs-o-vyvoji-ekonomiky/,Global,Society,500,1000,eng,-1
2024-11-25 10:40:11.727008,https://www.techbox.sk/lg-opat-ozivuje-veckove-mobily-tentokrat-pre-seniorov-a-s-androidom,Global,Society,500,1000,eng,-1
2024-11-25 10:40:50.514518,http://www.birdz.sk/freedomcock/status/kalne-vody-dudvahu-rozcerilo-telo-tucneho-fazekasa-milana/1246086-status.html,Global,Society,500,1000,eng,-1
2024-11-25 11:33:10.443860,https://www.digitaltrends.com/home/homes-with-secret-passages/,Global,Society,-1,10000,eng,50
2024-11-25 11:33:46.057978,https://daybyme.com/denisa-franova,Global,Society,-1,10000,eng,25
2024-11-25 12:09:34.914238,https://heureka.sk,Global,Society,10,10000,ces,1
2024-11-25 12:09:41.117084,https://www.pravda.sk/trendove-temy/vojna-v-policii/,Global,Society,10,10000,ces,50
2024-11-25 12:09:41.214998,https://www.pravda.sk/trendove-temy/rezort-vnutra/,Global,Society,10,10000,ces,50
2024-11-25 13:10:57.041306,https://www.birdz.sk/forum/ake-palivo-tankujes-do-svojho-auta/191363-tema.html,Global,Society,500,1000,eng,-1
2024-11-25 13:21:51.655470,https://www.techradar.com/gaming/consoles-pc/playstation/page/3,Global,Society,-1,10000,eng,50
2024-11-25 14:03:00.144202,https://daybyme.com/simona-cernakova,Global,Society,-1,10000,eng,25
2024-11-25 16:08:09.877373,https://daybyme.com/barbora-64/zelene_pleso-72pm7duhiw?page=profile,Global,Society,-1,10000,eng,50
2024-11-25 16:57:04.529654,https://www.digitaltrends.com/news/spacex-nasa-crewed-launch/,Global,Society,-1,10000,eng,50
2024-11-25 17:13:21.420326,https://www.sportskeeda.com/pop-culture/today-s-final-jeopardy-answer-friday-may-13-2022,Global,News,500,100,eng,-1
2024-11-25 17:13:28.067814,https://www.techbox.sk/namixovat-najlepsie-vasu-domacnost,Global,Society,500,1000,eng,50
2024-11-25 17:14:01.346011,https://daybyme.com/liv-72/giza_egypt2020_dopresovacezbanglades_stillalive_unbelievable-2rt5f724lh?page=profile,Global,Society,-1,100000,eng,-1
2024-11-25 17:50:28.816684,https://daybyme.com/tereza-53/dnescestujem-nacp019rqp,Global,Society,-1,10000,eng,50
2024-11-25 17:50:45.051971,https://www.digitaltrends.com/computing/acer-unveils-aspire-p3-ultrabook/,Global,Society,-1,1000,eng,50
2024-11-25 17:50:58.403888,https://www.digitaltrends.com/news/spacex-nasa-crewed-launch/,Global,Society,-1,10000,eng,50
2024-11-25 18:13:30.571645,https://www.digitaltrends.com/mobile/apple-watch-sales-november/,Global,Society,-1,1000,eng,50
2024-11-25 18:13:35.188674,https://www.techradar.com/phones/motorola-phones/page/8,Global,Society,-1,10000,eng,50
2024-11-25 18:13:46.815954,https://daybyme.com/vany-puzderova,Global,Society,-1,10000,eng,25
2024-11-26 06:42:13.178445,https://heureka.sk,Global,Society,10,10000,ces,1
2024-11-26 06:42:19.980912,https://www.heureka.sk/znacky/karcher/,Global,Society,10,10000,ces,25
2024-11-26 08:12:55.147044,https://csfd.sk,Global,Shopping,100,100000,ces,1
2024-11-26 08:13:03.956562,https://www.sashe.sk/themartinpaseka/journal/kalvaria-v-banskej-stiavnici,Global,Shopping,100,100000,ces,-1
2024-11-26 08:13:06.121081,https://www.kupsito.sk/c/110675/napajanie-a-nabijacky/rukovate-adaptery-a-akumulatory-pre-fotoaparaty-a-kamery/1,Global,Shopping,100,100000,ces,-1
2024-11-26 08:13:23.356888,https://www.kupsito.sk/i/11924399078/mini-skleniky-a-foliovniky/box-na-zeleninu-120x80-kontrola,Global,Shopping,100,100000,ces,-1
2024-11-26 08:13:23.791564,https://www.sashe.sk/eva.egr/totomaju/60287,Global,Shopping,100,100000,ces,25
2024-11-26 08:13:30.417936,https://www.sashe.sk/obchod/celenky-na-zimu,Global,Shopping,100,100000,ces,25
2024-11-26 08:13:37.870452,https://aukro.sk/call-of-duty-modern-warfare-3-ps5-7050507849,Global,Shopping,100,100000,ces,50
2024-11-26 08:13:59.464966,https://www.sashe.sk/ridask?wishlist,Global,Shopping,100,100000,ces,25
2024-11-26 08:14:01.848929,https://aukro.sk/uzivatel/jaroslavk963,Global,Shopping,100,100000,ces,25
2024-11-26 08:14:04.912589,https://www.csfd.sk/film/1408827-pamat/prehlad/,Global,Shopping,100,100000,ces,50
2024-11-26 15:28:32.361716,https://www.techradar.com/author/john-loeffler/page/4,Global,Society,-1,1000000,eng,50
2024-11-26 15:33:41.818396,https://heureka.sk,Global,Society,10,10000,ces,1
2024-11-26 15:33:43.087834,https://www.pravda.sk/trendove-temy/underground/,Global,Society,10,10000,ces,50
2024-11-26 15:33:43.142496,https://www.pravda.sk/trendove-temy/tyson-fury/,Global,Society,10,10000,ces,50
2024-11-26 15:35:24.959355,https://www.heureka.sk/?h%5bfraze%5d=sencor+svc+190,Global,Society,10,10000,ces,50
2024-11-26 16:32:12.770660,https://daybyme.com/anastasiya-kovalyk/ootd-dzrpd3ce0o?page=profile,Global,Society,-1,1000000,eng,50
2024-11-26 16:32:20.368473,https://www.digitaltrends.com/movies/10-best-martin-scorsese-movies-ranked/,Global,Society,-1,1000000,eng,50
2024-11-26 16:37:56.135608,https://techradar.com,Global,Society,-1,100000,eng,1
2024-11-26 17:32:10.811669,https://www.techradar.com/gaming/consoles-pc/playstation/page/3,Global,Society,-1,10000,eng,50
2024-11-26 18:47:13.586290,https://techradar.com,Global,Society,-1,100000,eng,1
2024-11-26 21:05:31.877909,https://www.kayak.com/hot-springs.36574.guide,Global,Business,-1,10000,eng,25
2024-11-27 09:15:59.659700,https://www.birdz.sk/forum/co-ta-v-poslednych-dnoch-zaujalo/196365-tema.html,Global,Society,500,1000,eng,-1
2024-11-27 09:16:17.376570,https://www.digitaltrends.com/mobile/qualcomm-snapdragon-8-gen-1-plus-7-gen-1-xr/,Global,Society,-1,1000,eng,25
2024-11-27 09:18:41.672801,https://sashe.sk,Global,Shopping,100,100000,ces,1
2024-11-27 09:18:45.057296,https://aukro.sk/uzivatel/abacus,Global,Shopping,100,100000,ces,25
2024-11-27 09:18:49.159706,https://www.nay.sk/tycove-mixery-s-prislusenstvom/znacka_tefal,Global,Shopping,100,100000,ces,50
2024-11-27 09:19:30.559624,https://aukro.sk/davkovac-tekuteho-mydla-7038907388,Global,Shopping,100,100000,ces,50
2024-11-27 09:21:00.729358,https://sashe.sk,Global,Shopping,100,100000,ces,1
2024-11-27 09:21:07.905445,https://aukro.sk/uzivatel/jaroslavk963,Global,Shopping,100,100000,ces,25
2024-11-27 09:21:13.221998,https://www.kupsito.sk/c/110616/analogove-fotoaparaty/zberatelske-fotoaparaty/1,Global,Shopping,100,100000,ces,-1
2024-11-27 09:21:15.642627,https://www.csfd.sk/film/774962-lakers-vzostup-dynastie/prehlad/,Global,Shopping,100,100000,ces,50
2024-11-27 09:21:19.115048,https://aukro.sk/turisticke-baterky-svietidla,Global,Shopping,100,100000,ces,50
2024-11-27 09:21:21.473726,https://www.sashe.sk/fanco?text=nieco-viac-o-mne,Global,Shopping,100,100000,ces,50
2024-11-27 09:21:41.302530,https://kupsito.sk,Global,Shopping,100,100000,ces,1
2024-11-27 09:21:47.145793,https://www.nay.sk/tycove-mixery-cierne,Global,Shopping,100,100000,ces,25
2024-11-27 09:21:50.379660,https://www.csfd.sk/film/69408-sarangi-iginda/galeria/plagaty/,Global,Shopping,100,100000,ces,50
2024-11-27 09:22:03.904359,https://aukro.sk/pumpa-dlha-na-favorit-f12-f11-neoriginalna-7055539560,Global,Shopping,100,100000,ces,-1
2024-11-27 09:22:25.825848,https://www.nay.sk/rucne-mixery/farba_zelena-18/hnietenie_ano-596/pocet-rychlosti_7/znacka_orava,Global,Shopping,100,100000,ces,-1
2024-11-27 09:23:15.877700,https://www.csfd.sk/uzivatel/3237-markuc/prehlad/#openmodal=fanclublist,Global,Shopping,100,100000,ces,-1
2024-11-27 09:23:39.544150,https://www.sashe.sk/obchod/celenky-na-zimu,Global,Shopping,100,100000,ces,25
2024-11-27 09:24:00.867034,https://www.sashe.sk/chcem/napisat-spravu?komu=a.dizajn&relative=/a.dizajn/detail/moderna-miska-predlzene-rameno,Global,Shopping,100,100000,ces,-1
2024-11-27 09:26:50.847750,https://www.kupsito.sk/i/13416193157/mini-skleniky-a-foliovniky/skupina-zelenina-80x120x27-kontrola-bylinkov,Global,Shopping,100,100000,ces,-1
2024-11-27 10:04:55.944128,https://www.heureka.sk/znacky/karcher/,Global,Society,10,10,eng,25
2024-11-27 11:07:12.347705,https://www.pcmag.com/news/linkedin-sues-hackers-over-thousands-of-fake-accounts,Global,Generic,-1,100000,eng,-1
2024-11-27 11:07:20.761420,https://www.indeed.com/hire/c/info/improve-ai-job-descriptions,Global,Generic,-1,100000,eng,50
2024-11-27 11:08:00.090437,https://www.pcmag.com/news/linkedin-sues-hackers-over-thousands-of-fake-accounts,Global,Generic,-1,100000,eng,-1
2024-11-27 11:08:05.706291,https://www.pcmag.com/encyclopedia/term/recursive,Global,Generic,-1,100000,eng,50
2024-11-27 11:09:07.190849,https://www.pcmag.com/picks/the-best-enterprise-accounting-software,Global,Generic,-1,100000,eng,50
2024-11-27 11:10:16.708818,https://www.pcmag.com/encyclopedia/term/streaming-stick,Global,Generic,-1,100000,eng,50
2024-11-27 11:10:49.790381,https://www.pcmag.com/news/linkedin-sues-hackers-over-thousands-of-fake-accounts,Global,Generic,-1,100000,eng,-1
2024-11-27 11:14:28.624038,https://daybyme.com/anastasiya-kovalyk/ootd-qm6ctnarcg,Global,Society,-1,10000,eng,50
2024-11-27 11:16:11.811983,https://www.uvzsr.sk?paged=3&cat=1,Global,Generic,-1,1000000,fra,50
2024-11-27 11:16:16.334312,https://www.uvzsr.sk,Global,Generic,-1,1000000,fra,25
2024-11-27 11:17:06.676403,http://szm.sk/hudobne-casopisy/internetove-obchody-auto-moto/jasle/s/,Global,Society,-1,100000,fra,-1
2024-11-27 12:41:03.472932,https://www.kupsito.sk/i/13041573141/mini-skleniky-a-foliovniky/mini-sklenik-ms-38x38x45-36-m2,Global,Shopping,100,100000,ces,-1
2024-11-27 12:45:21.780504,https://www.indeed.com/lead/indeeds-2023-better-work-awards-honors-excellence-in-work-wellbeing,Global,Generic,-1,100000,eng,-1
2024-11-27 12:45:25.552567,https://www.indeed.com/employers/smart-sourcing?co=us,Global,Generic,-1,100000,eng,50
2024-11-27 12:45:29.921803,https://www.pcmag.com/news/linkedin-sues-hackers-over-thousands-of-fake-accounts,Global,Generic,-1,100000,eng,-1
2024-11-27 12:47:01.370696,https://www.techradar.com/phones/motorola-phones/page/8,Global,Society,-1,10000,eng,50
2024-11-27 15:40:42.251374,https://daybyme.com/barbora-64/zelene_pleso-72pm7duhiw?page=profile,Global,Society,-1,10000,eng,50
2024-11-27 15:41:14.149539,https://www.techradar.com/news/wandavision-episode-8-recap-review,Global,Society,-1,10000,eng,50
2024-11-27 15:41:19.899164,https://www.digitaltrends.com/news/spacex-nasa-crewed-launch/,Global,Society,-1,10000,eng,50
2024-11-27 16:48:52.692301,https://www.techradar.com/reviews/audio-visual/televisions/lg-oled55b6-1328271/review,Global,Society,-1,10000,eng,-1
2024-11-28 08:18:17.645287,https://www.birdz.sk/forum/mala-by-sa-europa-aktivne-zapojit-do-vojny-na-ukrajine/196669-tema.html,Global,Society,500,1000,eng,-1
2024-11-28 08:18:33.081366,https://www.digitaltrends.com/mobile/qualcomm-snapdragon-8-gen-1-plus-7-gen-1-xr/,Global,Society,-1,1000,eng,-1
2024-11-28 08:58:57.692302,https://www.birdz.sk/samuelfghk/blog/zivot-bez-ruska/179667-clanok.html,Global,Society,500,1000,eng,-1
2024-11-28 11:26:39.625685,https://daybyme.com,Global,Society,-1,10000,eng,1
2024-11-28 12:53:29.894099,https://techradar.com,Global,Society,-1,10000,eng,1
2024-11-28 22:10:07.775435,https://daybyme.com,Global,Society,-1,10000,eng,1
2024-11-29 08:49:31.540436,https://pravda.sk,Global,News,10,10000,ces,1
2024-11-29 08:49:49.355253,https://www.pravda.sk/trendove-temy/chranena-vodohospodarska-oblast/,Global,News,10,10000,ces,-1
2024-11-29 08:50:00.710922,https://pravda.sk,Global,News,10,10000,ces,1
2024-11-29 09:00:58.765905,https://daybyme.com/auto-seeks,Local,Society,-1,-1,eng,25
2024-11-29 19:54:22.498683,https://revngo.com/apartmanok-a-tenger-mellett-gradac-makarska-22460-gradac,Global,Shopping,-1,10000,eng,-1
2024-11-29 19:54:42.636479,https://revngo.com/osrodek-la-la-las-domki-letniskowe-w-lesie-nad-jeziorem,Global,Shopping,-1,10000,eng,-1
2024-11-29 20:08:24.851332,https://www.transfermarkt.com/spielbericht/index/spielbericht/3009276,Global,News,-1,1000000,ces,50
2024-11-29 20:14:40.747906,https://www.transfermarkt.com/tipprunde/index,Global,News,-1,10000,eng,25
2024-11-29 20:15:04.728262,https://www.kupsito.sk/c/46099/stavba-a-prislusenstvo/klimatizacia-a-vetranie/1,Global,Shopping,100,100000,ces,-1
2024-11-29 20:16:04.517852,https://www.kupsito.sk/i/10507960845/darcekove-hrnceky-a-pohare/hrncek-s-macickou-pre-darcek-milovnika-maciciek,Global,Shopping,100,100000,ces,-1
2024-11-29 20:16:12.827613,https://www.feedo.sk/easywalker-set-xxl-kocik-harvey3-fossil-grey-kiddy-evoluna-i-size-2/,Local,Shopping,-1,-1,ces,-1
2024-11-29 20:16:39.143615,https://www.osiva-semena.sk/na-jar-by-bolo-neskoro-cibuloviny-do-nadob-vysadte-uz-teraz,Local,Shopping,-1,-1,ces,-1
2024-11-29 20:17:30.851182,https://www.feedo.sk/cybex-seat-pack-mios-3.0-dark-navy-conscious-collection-platinum/,Local,Shopping,-1,-1,ces,-1
2024-11-29 20:18:36.322523,https://www.osiva-semena.sk/bazalka-indicka-tulsi-ocimum-tenuiflorum-semena-bazalky-50-ks,Local,Shopping,-1,-1,ces,-1
2024-11-29 20:20:31.453550,https://www.yeme.sk/slovenske-syry-c189,Local,Shopping,-1,-1,ces,25
2024-11-29 20:22:14.196427,https://aukro.sk/diamantove-nausnice-s925-diamant-moissanit-moissanite-2-ct-7059651923,Global,Shopping,100,100000,ces,-1
2024-11-29 20:22:26.376533,https://www.nay.sk/rucne-mixery/farba_priehladna-4/prikon_500;1000/tags_isfreetransport,Global,Shopping,100,100000,ces,-1
2024-11-29 20:22:38.019450,https://www.kupsito.sk/i/11617122295/mini-skleniky-a-foliovniky/zarzywniak-herbarovy-inspekcny-box-120x120-zdarma,Global,Shopping,100,100000,ces,-1
2024-11-29 23:14:19.999430,https://nbs.sk/legislativa/materialy-na-pripomienkove-konanie-za-nbs/ukoncene-mpk-rok-2024/,Global,Society,500,1000,eng,-1
2024-11-30 10:42:24.664348,https://techradar.com,Global,Society,-1,10000,eng,1
2024-11-30 11:08:47.510924,https://www.transfermarkt.com/manchester-united/startseite/verein/985/saison_id/2024/sort/dateofbirthtimestamp,Global,News,-1,1000,eng,-1
2024-11-30 11:16:24.039015,https://www.sportskeeda.com/live-cricket-score/lucknow-super-giants-vs-gujarat-titans-30th-match-22-april-2023/fantasy,Global,News,500,1000,eng,-1
2024-11-30 12:01:43.815296,https://www.niagara.sk/kniha/mk-ucit-sa-mi-zachcelo-2,Global,Shopping,-1,1000000,deu,50
2024-11-30 12:03:30.882813,https://www.petrzalka.sk/socialne-veci/page/4/,Global,Society,-1,1000000,deu,25
2024-11-30 12:03:47.582525,https://www.banskastiavnica.sk/potrebujem-vybavit/,Global,Society,-1,1000000,deu,25
2024-11-30 12:05:03.364216,https://www.petrzalka.sk/zbernydvor/,Global,Society,-1,1000000,deu,25
2024-11-30 12:50:41.338303,https://www.techbox.sk/leica-x2-taky-nie-uplne-bezny-kompakt,Global,Society,500,1000,eng,50
2024-11-30 14:01:48.538645,https://kayak.com,Global,Business,-1,10000,eng,1
2024-11-30 14:02:11.623023,https://revngo.com,Global,Shopping,-1,100000,eng,1
2024-11-30 21:40:41.555423,https://pravda.sk,Global,News,10,10000,ces,1
